wp,cfg,fluid_hp,fluid_he,seed,run_id,certified_normalized_hypervolume,eta_p2p_maximum,energy_density_thermal_maximum,exergy_efficiency_maximum,igd_plus_to_union
DC-A,SBVCHP_SBORC,Cyclopentane,R227EA,17,S4_DCA_SBVCHP-SBORC_Cyclopentane_R227EA_seed017_20260720T095135Z,0.09613791227527262,0.5351008766599551,34.32073216981931,0.3290818077246906,0.0019001785808519273
DC-A,SBVCHP_SBORC,Cyclopentane,R227EA,42,S4_DCA_SBVCHP-SBORC_Cyclopentane_R227EA_seed042_20260720T095135Z,0.09671988990981276,0.5255934235113008,34.32014609159972,0.32961662421319,0.00103106953669645
DC-A,SBVCHP_SBORC,Cyclopentane,R227EA,73,S4_DCA_SBVCHP-SBORC_Cyclopentane_R227EA_seed073_20260720T095135Z,0.09638756630335198,0.5308225140101219,34.32035904733149,0.3291696604667142,0.0019859774318874974
DC-A,SBVCHP_SBORC,Cyclopentane,R227EA,101,S4_DCA_SBVCHP-SBORC_Cyclopentane_R227EA_seed101_20260720T095135Z,0.09688403487349105,0.5322290966693596,34.32013275252441,0.329631219267372,0.0014964461298619303
DC-A,SBVCHP_SBORC,Cyclopentane,R227EA,202,S4_DCA_SBVCHP-SBORC_Cyclopentane_R227EA_seed202_20260721T031641Z,0.0962358570901942,0.531064473372867,34.32053475272023,0.3291734933893638,0.0018933441279073396
DC-A,SBVCHP_SBORC,Cyclopentane,R236fa,17,S4_DCA_SBVCHP-SBORC_Cyclopentane_R236fa_seed017_20260720T095135Z,0.10439328679917186,0.5538731325935864,34.31399038860151,0.3523982667020668,0.002418246965662115
DC-A,SBVCHP_SBORC,Cyclopentane,R236fa,42,S4_DCA_SBVCHP-SBORC_Cyclopentane_R236fa_seed042_20260720T095135Z,0.10388841686883327,0.548182836319058,34.31513529432715,0.3520416377523784,0.0018939206252640958
DC-A,SBVCHP_SBORC,Cyclopentane,R236fa,73,S4_DCA_SBVCHP-SBORC_Cyclopentane_R236fa_seed073_20260720T095135Z,0.10514230002889544,0.5530106978989254,34.3141766065342,0.354084656968402,0.0019956403132650753
DC-A,SBVCHP_SBORC,Cyclopentane,R236fa,101,S4_DCA_SBVCHP-SBORC_Cyclopentane_R236fa_seed101_20260720T095135Z,0.10543018912082193,0.5540606655521761,34.31506915509458,0.3529900420461828,0.0010131597677998819
DC-A,SBVCHP_SBORC,Cyclopentane,R236fa,202,S4_DCA_SBVCHP-SBORC_Cyclopentane_R236fa_seed202_20260720T095135Z,0.10468792091257594,0.5500959108306652,34.31494414370232,0.3521663892733755,0.001309593140276448
DC-A,SBVCHP_SBORC,Cyclopentane,R245fa,17,S4_DCA_SBVCHP-SBORC_Cyclopentane_R245fa_seed017_20260720T095135Z,0.111240832010836,0.5662530642943739,34.31033149480829,0.3718319009021611,0.002951568167152411
DC-A,SBVCHP_SBORC,Cyclopentane,R245fa,42,S4_DCA_SBVCHP-SBORC_Cyclopentane_R245fa_seed042_20260721T031641Z,0.11176010392554094,0.5676224418198385,34.309896583555165,0.3736610184203047,0.002007534948403418
DC-A,SBVCHP_SBORC,Cyclopentane,R245fa,73,S4_DCA_SBVCHP-SBORC_Cyclopentane_R245fa_seed073_20260721T031641Z,0.11168464145505685,0.565959101925087,34.31049073203216,0.3727305543497803,0.0018251042878545155
DC-A,SBVCHP_SBORC,Cyclopentane,R245fa,101,S4_DCA_SBVCHP-SBORC_Cyclopentane_R245fa_seed101_20260720T095135Z,0.11285801195237523,0.5707723743499106,34.31040877260566,0.3742628065790337,0.001392295813296331
DC-A,SBVCHP_SBORC,Cyclopentane,R245fa,202,S4_DCA_SBVCHP-SBORC_Cyclopentane_R245fa_seed202_20260721T031641Z,0.11104634762740502,0.5518454770356148,34.31032652754163,0.3738511975090829,0.00234731898364715
DC-A,SBVCHP_SBORC,Cyclopentane,R600,17,S4_DCA_SBVCHP-SBORC_Cyclopentane_R600_seed017_20260720T095135Z,0.11023169895889996,0.5675137369756221,34.31009383199304,0.3718129158236885,0.002606391312075344
DC-A,SBVCHP_SBORC,Cyclopentane,R600,42,S4_DCA_SBVCHP-SBORC_Cyclopentane_R600_seed042_20260720T095135Z,0.11129475163706834,0.5658870917387089,34.30913868678322,0.3734652455751524,0.0016712791354238008
DC-A,SBVCHP_SBORC,Cyclopentane,R600,73,S4_DCA_SBVCHP-SBORC_Cyclopentane_R600_seed073_20260721T031641Z,0.11102973531244885,0.5665723266975884,34.30956527191432,0.3734786233443256,0.0022397158193569002
DC-A,SBVCHP_SBORC,Cyclopentane,R600,101,S4_DCA_SBVCHP-SBORC_Cyclopentane_R600_seed101_20260720T095135Z,0.1112640184293903,0.5649530833562006,34.31009990110948,0.3721864700015116,0.0016512458853352322
DC-A,SBVCHP_SBORC,Cyclopentane,R600,202,S4_DCA_SBVCHP-SBORC_Cyclopentane_R600_seed202_20260720T095135Z,0.11158759793481271,0.5654422358955188,34.30949345349891,0.3728482335599414,0.0013344876658772887
DC-A,SBVCHP_SBORC,R1233zd(E),R227EA,17,S4_DCA_SBVCHP-SBORC_R1233zdE_R227EA_seed017_20260721T031641Z,0.08282234673703129,0.5198240065313171,34.320264630371504,0.3128618843053383,0.0016136271889766406
DC-A,SBVCHP_SBORC,R1233zd(E),R227EA,42,S4_DCA_SBVCHP-SBORC_R1233zdE_R227EA_seed042_20260720T095135Z,0.08182393157488713,0.4901486656043486,34.32017122559105,0.3131438046459147,0.002328174306745109
DC-A,SBVCHP_SBORC,R1233zd(E),R227EA,73,S4_DCA_SBVCHP-SBORC_R1233zdE_R227EA_seed073_20260720T095135Z,0.08236217452842975,0.516239878069331,34.318496763002635,0.3131946445584109,0.001879096484011373
DC-A,SBVCHP_SBORC,R1233zd(E),R227EA,101,S4_DCA_SBVCHP-SBORC_R1233zdE_R227EA_seed101_20260721T031641Z,0.08219178742320916,0.5103905146758747,34.31947877986354,0.3128797403927111,0.002539435155915316
DC-A,SBVCHP_SBORC,R1233zd(E),R227EA,202,S4_DCA_SBVCHP-SBORC_R1233zdE_R227EA_seed202_20260720T095135Z,0.08086913334853875,0.4872855520038641,34.3201550897876,0.3114876115399063,0.003003153635094077
DC-A,SRVCHP_SRORC,Cyclopentane,R236ea,17,S4_DCA_SRVCHP-SRORC_Cyclopentane_R236ea_seed017_20260720T095135Z,0.14650890502336758,0.5974942963428446,34.05314574756028,0.4163750444254762,0.0015122748447738306
DC-A,SRVCHP_SRORC,Cyclopentane,R236ea,42,S4_DCA_SRVCHP-SRORC_Cyclopentane_R236ea_seed042_20260720T095135Z,0.14646123926109952,0.597446220996406,34.05310694831538,0.416787894902329,0.0022512297383052477
DC-A,SRVCHP_SRORC,Cyclopentane,R236ea,73,S4_DCA_SRVCHP-SRORC_Cyclopentane_R236ea_seed073_20260720T095135Z,0.14618513990582677,0.6051179237230143,34.05166371607993,0.4163733705485035,0.0034887825840599833
DC-A,SRVCHP_SRORC,Cyclopentane,R236ea,101,S4_DCA_SRVCHP-SRORC_Cyclopentane_R236ea_seed101_20260720T095135Z,0.14703231392409852,0.5977535193367453,34.05212443241179,0.4169333117161597,0.0011116880987242894
DC-A,SRVCHP_SRORC,Cyclopentane,R236ea,202,S4_DCA_SRVCHP-SRORC_Cyclopentane_R236ea_seed202_20260721T031641Z,0.14654857492156195,0.5987951189751824,34.06487400927352,0.4166488159657947,0.0018696553462824843
DC-A,SRVCHP_SRORC,Cyclopentane,R245fa,17,S4_DCA_SRVCHP-SRORC_Cyclopentane_R245fa_seed017_20260720T095135Z,0.14813979208399122,0.60213149929899,33.93911993349826,0.4246338613094294,0.002243213361427428
DC-A,SRVCHP_SRORC,Cyclopentane,R245fa,42,S4_DCA_SRVCHP-SRORC_Cyclopentane_R245fa_seed042_20260720T095135Z,0.14830022368164963,0.6064349500497043,33.9560167557684,0.4244963928239787,0.0020248788924178396
DC-A,SRVCHP_SRORC,Cyclopentane,R245fa,73,S4_DCA_SRVCHP-SRORC_Cyclopentane_R245fa_seed073_20260720T095135Z,0.1473147284267784,0.6025468829439916,34.04354338383123,0.4241172413810035,0.004283972815969213
DC-A,SRVCHP_SRORC,Cyclopentane,R245fa,101,S4_DCA_SRVCHP-SRORC_Cyclopentane_R245fa_seed101_20260720T095135Z,0.14826103307405447,0.5967937639050234,33.94684942341299,0.425528830964027,0.0016744266212480837
DC-A,SRVCHP_SRORC,Cyclopentane,R245fa,202,S4_DCA_SRVCHP-SRORC_Cyclopentane_R245fa_seed202_20260720T095135Z,0.14822035691752064,0.5983644377115742,33.972563900738045,0.4249967476139313,0.0017194240884796737
DC-A,SRVCHP_SRORC,R1233zd(E),R227EA,17,S4_DCA_SRVCHP-SRORC_R1233zdE_R227EA_seed017_20260720T095135Z,0.12403900651946577,0.5562967826515396,34.12277840805541,0.3607960776420208,0.0026440323203059473
DC-A,SRVCHP_SRORC,R1233zd(E),R227EA,42,S4_DCA_SRVCHP-SRORC_R1233zdE_R227EA_seed042_20260720T095135Z,0.1254999904762114,0.5586962983955105,34.12033105685661,0.3641658815311718,0.001291109752658677
DC-A,SRVCHP_SRORC,R1233zd(E),R227EA,73,S4_DCA_SRVCHP-SRORC_R1233zdE_R227EA_seed073_20260720T095135Z,0.12606562513582556,0.5673150045421931,34.12655610305442,0.3633432624472331,0.0011658319046719036
DC-A,SRVCHP_SRORC,R1233zd(E),R227EA,101,S4_DCA_SRVCHP-SRORC_R1233zdE_R227EA_seed101_20260720T095135Z,0.12554832493311927,0.569275456132293,34.119691093705434,0.3630649354012798,0.0011302429437531766
DC-A,SRVCHP_SRORC,R1233zd(E),R227EA,202,S4_DCA_SRVCHP-SRORC_R1233zdE_R227EA_seed202_20260721T031641Z,0.12506515887444283,0.5654097290449508,34.1293500957162,0.3628453630505411,0.0019754179678885026
DC-A,SRVCHP_SRORC,R245fa,R227EA,17,S4_DCA_SRVCHP-SRORC_R245fa_R227EA_seed017_20260720T095135Z,0.12432506091421808,0.569115017163992,34.12119814773392,0.3612055238316102,0.0014006861196035865
DC-A,SRVCHP_SRORC,R245fa,R227EA,42,S4_DCA_SRVCHP-SRORC_R245fa_R227EA_seed042_20260721T031641Z,0.12270431888962964,0.5621543428800406,34.126605939644705,0.3596323094723745,0.0029410952676156656
DC-A,SRVCHP_SRORC,R245fa,R227EA,73,S4_DCA_SRVCHP-SRORC_R245fa_R227EA_seed073_20260720T095135Z,0.12380883594493167,0.5670578501176838,34.115327764619686,0.3610464934660349,0.0017323042963007659
DC-A,SRVCHP_SRORC,R245fa,R227EA,101,S4_DCA_SRVCHP-SRORC_R245fa_R227EA_seed101_20260720T095135Z,0.1243044555370851,0.5643084516153258,34.121678143617096,0.3618245760185846,0.0011856774693951736
DC-A,SRVCHP_SRORC,R245fa,R227EA,202,S4_DCA_SRVCHP-SRORC_R245fa_R227EA_seed202_20260720T095135Z,0.12282410261565477,0.5456684983242414,34.12250279060745,0.3613498488872911,0.0018392574875919746
DC-A,SRVCHP_SRORC,R600,R236ea,17,S4_DCA_SRVCHP-SRORC_R600_R236ea_seed017_20260720T095135Z,0.13691048861549016,0.5770963802627977,34.059609532217095,0.3994965367761509,0.0017636100039925575
DC-A,SRVCHP_SRORC,R600,R236ea,42,S4_DCA_SRVCHP-SRORC_R600_R236ea_seed042_20260720T095135Z,0.1377063096191613,0.5797926911950058,34.07858410120382,0.4007387045858498,0.0016382684273854545
DC-A,SRVCHP_SRORC,R600,R236ea,73,S4_DCA_SRVCHP-SRORC_R600_R236ea_seed073_20260720T095135Z,0.13689048374546361,0.5804336295744781,34.05399832513368,0.3990028870906877,0.002224758743096306
DC-A,SRVCHP_SRORC,R600,R236ea,101,S4_DCA_SRVCHP-SRORC_R600_R236ea_seed101_20260720T095135Z,0.13718479515845913,0.5895557105522455,34.06225210250517,0.3987286275982508,0.002313175935597975
DC-A,SRVCHP_SRORC,R600,R236ea,202,S4_DCA_SRVCHP-SRORC_R600_R236ea_seed202_20260720T095135Z,0.13659931453942892,0.5764331975202508,34.051296590920785,0.3982783305518951,0.0019757016526143743
DC-B,SBVCHP_SBORC,Cyclopentane,R227EA,17,S4_DCB_SBVCHP-SBORC_Cyclopentane_R227EA_seed017_20260721T031641Z,0.0633312795599567,0.3702492763403981,34.04791470034807,0.2978543650003139,0.0016263415119429241
DC-B,SBVCHP_SBORC,Cyclopentane,R227EA,42,S4_DCB_SBVCHP-SBORC_Cyclopentane_R227EA_seed042_20260721T031641Z,0.06381502894059873,0.3699211698472959,34.0482251823287,0.2994535185461813,0.0005972257985802277
DC-B,SBVCHP_SBORC,Cyclopentane,R227EA,73,S4_DCB_SBVCHP-SBORC_Cyclopentane_R227EA_seed073_20260720T095135Z,0.06376744375919399,0.3694317621326045,34.048524587794894,0.2996240777601034,0.000578347616313834
DC-B,SBVCHP_SBORC,Cyclopentane,R227EA,101,S4_DCB_SBVCHP-SBORC_Cyclopentane_R227EA_seed101_20260720T095135Z,0.06394332106757823,0.3700791730970915,34.04836780908321,0.2997753225164944,0.0009784262501369764
DC-B,SBVCHP_SBORC,Cyclopentane,R227EA,202,S4_DCB_SBVCHP-SBORC_Cyclopentane_R227EA_seed202_20260721T031641Z,0.06396404430020569,0.3700594683169623,34.04849057364209,0.299511542538366,0.0008215781047175842
DC-B,SBVCHP_SBORC,Cyclopentane,R236ea,17,S4_DCB_SBVCHP-SBORC_Cyclopentane_R236ea_seed017_20260720T095135Z,0.07278373944648822,0.408927740315267,34.03701523180747,0.339996713167521,0.00152159678720725
DC-B,SBVCHP_SBORC,Cyclopentane,R236ea,42,S4_DCB_SBVCHP-SBORC_Cyclopentane_R236ea_seed042_20260720T095135Z,0.07265743042587391,0.406603881750983,34.037460287449655,0.3401592612943493,0.0007620846430342519
DC-B,SBVCHP_SBORC,Cyclopentane,R236ea,73,S4_DCB_SBVCHP-SBORC_Cyclopentane_R236ea_seed073_20260720T095135Z,0.07264684093672881,0.4084379158062607,34.036937899367224,0.3398088012370255,0.0009708622527628065
DC-B,SBVCHP_SBORC,Cyclopentane,R236ea,101,S4_DCB_SBVCHP-SBORC_Cyclopentane_R236ea_seed101_20260720T095135Z,0.07286663500720197,0.408593614592233,34.03660872206767,0.3396533779986538,0.001421356598216677
DC-B,SBVCHP_SBORC,Cyclopentane,R236ea,202,S4_DCB_SBVCHP-SBORC_Cyclopentane_R236ea_seed202_20260720T095135Z,0.07289575946537703,0.4089773681143238,34.03751646647897,0.3409107442550536,0.001125125021600038
DC-B,SBVCHP_SBORC,Cyclopentane,R245fa,17,S4_DCB_SBVCHP-SBORC_Cyclopentane_R245fa_seed017_20260720T095135Z,0.07552066593882764,0.4203133599365845,34.03271315741895,0.3539385237688998,0.0011537967602506419
DC-B,SBVCHP_SBORC,Cyclopentane,R245fa,42,S4_DCB_SBVCHP-SBORC_Cyclopentane_R245fa_seed042_20260720T095135Z,0.075071455069077,0.4163212223982382,34.03283109171786,0.3536286767792995,0.0017959531143511653
DC-B,SBVCHP_SBORC,Cyclopentane,R245fa,73,S4_DCB_SBVCHP-SBORC_Cyclopentane_R245fa_seed073_20260721T031641Z,0.07474016315787102,0.41679446208722,34.03260149746458,0.3523916555324263,0.0017480117151509181
DC-B,SBVCHP_SBORC,Cyclopentane,R245fa,101,S4_DCB_SBVCHP-SBORC_Cyclopentane_R245fa_seed101_20260720T095135Z,0.07557570745409137,0.4216068669373016,34.03154926441191,0.3540722955856666,0.0009725771130541898
DC-B,SBVCHP_SBORC,Cyclopentane,R245fa,202,S4_DCB_SBVCHP-SBORC_Cyclopentane_R245fa_seed202_20260720T095135Z,0.07283680638608446,0.3986478184262679,34.032711436154955,0.3526694117058395,0.002612156294341922
DC-B,SBVCHP_SBORC,Cyclopentane,R365MFC,17,S4_DCB_SBVCHP-SBORC_Cyclopentane_R365MFC_seed017_20260720T095135Z,0.07654653660225921,0.4245287633767895,34.03230907571841,0.3572804798061292,0.0012087715467783205
DC-B,SBVCHP_SBORC,Cyclopentane,R365MFC,42,S4_DCB_SBVCHP-SBORC_Cyclopentane_R365MFC_seed042_20260720T095135Z,0.07601401741079508,0.4223127459240818,34.03223871794388,0.3570883681625938,0.0016759698569544929
DC-B,SBVCHP_SBORC,Cyclopentane,R365MFC,73,S4_DCB_SBVCHP-SBORC_Cyclopentane_R365MFC_seed073_20260720T095135Z,0.07593028671608583,0.417143499400175,34.032136282558426,0.357328212549211,0.0011229691682390747
DC-B,SBVCHP_SBORC,Cyclopentane,R365MFC,101,S4_DCB_SBVCHP-SBORC_Cyclopentane_R365MFC_seed101_20260720T095135Z,0.07679222031870726,0.423574025263536,34.030167954829984,0.3578565875841549,0.001369117988809358
DC-B,SBVCHP_SBORC,Cyclopentane,R365MFC,202,S4_DCB_SBVCHP-SBORC_Cyclopentane_R365MFC_seed202_20260720T095135Z,0.0765697483431858,0.4249237575947172,34.03372164534736,0.3576385275865759,0.0008433445538580225
DC-B,SBVCHP_SBORC,Cyclopentane,R600,17,S4_DCB_SBVCHP-SBORC_Cyclopentane_R600_seed017_20260720T095135Z,0.07433010742994026,0.4169825882011881,34.032861324359665,0.3511362186677737,0.0011515089846021466
DC-B,SBVCHP_SBORC,Cyclopentane,R600,42,S4_DCB_SBVCHP-SBORC_Cyclopentane_R600_seed042_20260720T095135Z,0.07395179292085234,0.4130871988736925,34.03271162411379,0.351366813692163,0.0012065066357729514
DC-B,SBVCHP_SBORC,Cyclopentane,R600,73,S4_DCB_SBVCHP-SBORC_Cyclopentane_R600_seed073_20260720T095135Z,0.07379297091135353,0.4096347200753782,34.03277896929496,0.3514839942199511,0.0008412074720565773
DC-B,SBVCHP_SBORC,Cyclopentane,R600,101,S4_DCB_SBVCHP-SBORC_Cyclopentane_R600_seed101_20260720T095135Z,0.07482270328789536,0.4185873196729556,34.03264806197291,0.3521244935494669,0.001845428593569071
DC-B,SBVCHP_SBORC,Cyclopentane,R600,202,S4_DCB_SBVCHP-SBORC_Cyclopentane_R600_seed202_20260720T095135Z,0.07472461646402448,0.4186110488745794,34.03241343466323,0.3517435129981316,0.0006806166712032583
DC-B,SRVCHP_SRORC,Cyclopentane,R236ea,17,S4_DCB_SRVCHP-SRORC_Cyclopentane_R236ea_seed017_20260720T095135Z,0.1004384537555338,0.4690333301482585,33.785451522483,0.3958439353591435,0.0017226822694172705
DC-B,SRVCHP_SRORC,Cyclopentane,R236ea,42,S4_DCB_SRVCHP-SRORC_Cyclopentane_R236ea_seed042_20260720T095135Z,0.10051725966775853,0.4700196843667846,33.78224703404522,0.3963607892014416,0.0022535146788244
DC-B,SRVCHP_SRORC,Cyclopentane,R236ea,73,S4_DCB_SRVCHP-SRORC_Cyclopentane_R236ea_seed073_20260720T095135Z,0.1004332311257461,0.4692002014421552,33.766453425146125,0.395650987426688,0.0022001877796956433
DC-B,SRVCHP_SRORC,Cyclopentane,R236ea,101,S4_DCB_SRVCHP-SRORC_Cyclopentane_R236ea_seed101_20260720T095135Z,0.1003029306097711,0.4700293024748866,33.82675522286526,0.3962524520565637,0.004320898868047176
DC-B,SRVCHP_SRORC,Cyclopentane,R236ea,202,S4_DCB_SRVCHP-SRORC_Cyclopentane_R236ea_seed202_20260721T031641Z,0.09908237716409868,0.4613824136400362,33.77985527751378,0.3973123688922743,0.0024472790956955232
DC-B,SRVCHP_SRORC,Cyclopentane,R365MFC,17,S4_DCB_SRVCHP-SRORC_Cyclopentane_R365MFC_seed017_20260720T095135Z,0.1065744743533246,0.4981510045580991,33.77871845053647,0.4202060204212073,0.0012726296773698767
DC-B,SRVCHP_SRORC,Cyclopentane,R365MFC,42,S4_DCB_SRVCHP-SRORC_Cyclopentane_R365MFC_seed042_20260720T095135Z,0.10666158519565132,0.4997843382834932,33.77631981816029,0.4216362962590133,0.0018552220630534066
DC-B,SRVCHP_SRORC,Cyclopentane,R365MFC,73,S4_DCB_SRVCHP-SRORC_Cyclopentane_R365MFC_seed073_20260720T095135Z,0.10581132356138655,0.497515100212077,33.78584580678526,0.4191910635013985,0.0022986606169286745
DC-B,SRVCHP_SRORC,Cyclopentane,R365MFC,101,S4_DCB_SRVCHP-SRORC_Cyclopentane_R365MFC_seed101_20260720T095135Z,0.1067883709358858,0.5008661077394917,33.77043798993673,0.4221076427381918,0.0023273161870476663
DC-B,SRVCHP_SRORC,Cyclopentane,R365MFC,202,S4_DCB_SRVCHP-SRORC_Cyclopentane_R365MFC_seed202_20260720T095135Z,0.10693939264159416,0.5009145836727105,33.78299996083724,0.4233160888300745,0.0015157977608539698
DC-B,SRVCHP_SRORC,R245fa,R227EA,17,S4_DCB_SRVCHP-SRORC_R245fa_R227EA_seed017_20260721T031641Z,0.08191664179714742,0.3974251326362727,33.86213029510125,0.3247901454189122,0.0010983697314852633
DC-B,SRVCHP_SRORC,R245fa,R227EA,42,S4_DCB_SRVCHP-SRORC_R245fa_R227EA_seed042_20260721T031641Z,0.08115518504401117,0.391955230401143,33.86361931130763,0.3248920741059048,0.001026695443966803
DC-B,SRVCHP_SRORC,R245fa,R227EA,73,S4_DCB_SRVCHP-SRORC_R245fa_R227EA_seed073_20260721T031641Z,0.08156404694680461,0.3981318948560208,33.86366755133319,0.3245183561604432,0.0014516446731756285
DC-B,SRVCHP_SRORC,R245fa,R227EA,101,S4_DCB_SRVCHP-SRORC_R245fa_R227EA_seed101_20260720T095135Z,0.08128317471689084,0.3976393193440151,33.85864410427554,0.3225218994658676,0.0018943031356070117
DC-B,SRVCHP_SRORC,R245fa,R227EA,202,S4_DCB_SRVCHP-SRORC_R245fa_R227EA_seed202_20260721T031641Z,0.08149629485156348,0.3978504860357186,33.8640380703369,0.3240595211729823,0.001181843266529895
DC-B,SRVCHP_SRORC,R600,R227EA,17,S4_DCB_SRVCHP-SRORC_R600_R227EA_seed017_20260720T095135Z,0.08140371180501733,0.3946165219439694,33.86589313079628,0.3238997555695324,0.0014200692532707554
DC-B,SRVCHP_SRORC,R600,R227EA,42,S4_DCB_SRVCHP-SRORC_R600_R227EA_seed042_20260720T095135Z,0.08037137494712127,0.3849114440862097,33.863181381708095,0.3208706763274709,0.002263639670628757
DC-B,SRVCHP_SRORC,R600,R227EA,73,S4_DCB_SRVCHP-SRORC_R600_R227EA_seed073_20260720T095135Z,0.08142363360912738,0.3946901593384773,33.85985925867146,0.3243424683502954,0.0019002342818619405
DC-B,SRVCHP_SRORC,R600,R227EA,101,S4_DCB_SRVCHP-SRORC_R600_R227EA_seed101_20260720T095135Z,0.0820893839408113,0.3963387740762831,33.864098536761986,0.325626415438343,0.002034025625473564
DC-B,SRVCHP_SRORC,R600,R227EA,202,S4_DCB_SRVCHP-SRORC_R600_R227EA_seed202_20260720T095135Z,0.08174428341550517,0.3976594960937524,33.86439290183019,0.3234972919362108,0.0015113162077936512
DC-B,SRVCHP_SRORC,R601a,R227EA,17,S4_DCB_SRVCHP-SRORC_R601a_R227EA_seed017_20260720T095135Z,0.08378508684802827,0.4057901329371685,33.864793530240554,0.3313993032578475,0.0007467414333048986
DC-B,SRVCHP_SRORC,R601a,R227EA,42,S4_DCB_SRVCHP-SRORC_R601a_R227EA_seed042_20260721T031641Z,0.08268002984436962,0.4020924482442033,33.86283896658878,0.3301096338230055,0.002002241701366921
DC-B,SRVCHP_SRORC,R601a,R227EA,73,S4_DCB_SRVCHP-SRORC_R601a_R227EA_seed073_20260720T095135Z,0.08311156146100719,0.4017155458113685,33.86428729213032,0.3312321804839046,0.0015985181290065445
DC-B,SRVCHP_SRORC,R601a,R227EA,101,S4_DCB_SRVCHP-SRORC_R601a_R227EA_seed101_20260720T095135Z,0.08377534105023518,0.4078722151664731,33.861625529265844,0.3307676532285299,0.0018339194866416248
DC-B,SRVCHP_SRORC,R601a,R227EA,202,S4_DCB_SRVCHP-SRORC_R601a_R227EA_seed202_20260720T095135Z,0.08282278758038827,0.407155476989836,33.85888493884462,0.3292498076800059,0.0032101564749649424
DC-C,SBVCHP_SBORC,Acetone,R236fa,17,S4_DCC_SBVCHP-SBORC_Acetone_R236fa_seed017_20260720T095135Z,0.15194523072032246,0.7826239206177633,39.92582780352348,0.3454768423599533,0.002844390587081172
DC-C,SBVCHP_SBORC,Acetone,R236fa,42,S4_DCC_SBVCHP-SBORC_Acetone_R236fa_seed042_20260720T095135Z,0.15246758552500098,0.7895810260231003,39.9257576168649,0.3457658814047496,0.0021969323616022594
DC-C,SBVCHP_SBORC,Acetone,R236fa,73,S4_DCC_SBVCHP-SBORC_Acetone_R236fa_seed073_20260720T095135Z,0.15205391441699548,0.7638449731623883,39.92562382818869,0.3455116362649751,0.0019274530176935343
DC-C,SBVCHP_SBORC,Acetone,R236fa,101,S4_DCC_SBVCHP-SBORC_Acetone_R236fa_seed101_20260721T031641Z,0.15170384749340718,0.7883101079681344,39.92510978702594,0.3458182658582329,0.0031031742896969034
DC-C,SBVCHP_SBORC,Acetone,R236fa,202,S4_DCC_SBVCHP-SBORC_Acetone_R236fa_seed202_20260721T031641Z,0.15200111574481692,0.7884627022678119,39.925472238363554,0.3451534423144408,0.0025104334319625866
DC-C,SBVCHP_SBORC,Acetone,R245fa,17,S4_DCC_SBVCHP-SBORC_Acetone_R245fa_seed017_20260720T095135Z,0.16119607471826536,0.7920280350429166,39.91972029884068,0.3697658210465107,0.004287256043754345
DC-C,SBVCHP_SBORC,Acetone,R245fa,42,S4_DCC_SBVCHP-SBORC_Acetone_R245fa_seed042_20260720T095135Z,0.16204280977046348,0.7362855041342441,39.91966601941317,0.3718804026576204,0.002554279775264781
DC-C,SBVCHP_SBORC,Acetone,R245fa,73,S4_DCC_SBVCHP-SBORC_Acetone_R245fa_seed073_20260720T095135Z,0.16293460341347651,0.7730813388166288,39.91956331966175,0.3712879691425275,0.0020515228347738356
DC-C,SBVCHP_SBORC,Acetone,R245fa,101,S4_DCC_SBVCHP-SBORC_Acetone_R245fa_seed101_20260720T095135Z,0.16119198149397548,0.7323712456908066,39.91880023861419,0.3714607622059036,0.0036282180324547224
DC-C,SBVCHP_SBORC,Acetone,R245fa,202,S4_DCC_SBVCHP-SBORC_Acetone_R245fa_seed202_20260721T031641Z,0.16118738296772167,0.746356495776617,39.9186522154068,0.3699257487244478,0.002918150352274378
DC-C,SBVCHP_SBORC,Acetone,R600,17,S4_DCC_SBVCHP-SBORC_Acetone_R600_seed017_20260720T095135Z,0.16015954953537415,0.7921458471331788,39.91942756301877,0.3692680190179633,0.0036645773417180506
DC-C,SBVCHP_SBORC,Acetone,R600,42,S4_DCC_SBVCHP-SBORC_Acetone_R600_seed042_20260720T095135Z,0.15955128914207276,0.74940870090403,39.91732865964766,0.3693131033632846,0.00347772921535371
DC-C,SBVCHP_SBORC,Acetone,R600,73,S4_DCC_SBVCHP-SBORC_Acetone_R600_seed073_20260721T031641Z,0.16072431451138128,0.7556130861864974,39.91864149561834,0.3706752003248053,0.0026390670624670807
DC-C,SBVCHP_SBORC,Acetone,R600,101,S4_DCC_SBVCHP-SBORC_Acetone_R600_seed101_20260720T095135Z,0.1609098943633487,0.7945839480544831,39.918250217838775,0.3701693930738145,0.002392816157653913
DC-C,SBVCHP_SBORC,Acetone,R600,202,S4_DCC_SBVCHP-SBORC_Acetone_R600_seed202_20260720T095135Z,0.16076683553344023,0.7672843359229131,39.9178400535918,0.3701701376672037,0.002164033948859156
DC-C,SBVCHP_SBORC,Acetone,R600a,17,S4_DCC_SBVCHP-SBORC_Acetone_R600a_seed017_20260720T095135Z,0.15627306095958388,0.7919972311800796,39.91824865563717,0.3582536060393753,0.0024892860497453084
DC-C,SBVCHP_SBORC,Acetone,R600a,42,S4_DCC_SBVCHP-SBORC_Acetone_R600a_seed042_20260720T095135Z,0.15627157807486908,0.7798289341000374,39.92157239499415,0.357437067542689,0.0021802918118131506
DC-C,SBVCHP_SBORC,Acetone,R600a,73,S4_DCC_SBVCHP-SBORC_Acetone_R600a_seed073_20260720T095135Z,0.15368899414510867,0.7264446392747147,39.92100978008748,0.3556361507703911,0.004259023101844745
DC-C,SBVCHP_SBORC,Acetone,R600a,101,S4_DCC_SBVCHP-SBORC_Acetone_R600a_seed101_20260720T095135Z,0.1555702105813827,0.7669721939989035,39.92067238967736,0.357117989871827,0.0026248981049822426
DC-C,SBVCHP_SBORC,Acetone,R600a,202,S4_DCC_SBVCHP-SBORC_Acetone_R600a_seed202_20260720T095135Z,0.15565459215273475,0.7767701663844613,39.92085678054015,0.3568547825533394,0.002361956065260782
DC-C,SBVCHP_SBORC,R1233zd(E),R227EA,17,S4_DCC_SBVCHP-SBORC_R1233zdE_R227EA_seed017_20260721T031641Z,0.11544012883286596,0.7475571922133192,39.9318612910157,0.2991222062497286,0.0031623768212361717
DC-C,SBVCHP_SBORC,R1233zd(E),R227EA,42,S4_DCC_SBVCHP-SBORC_R1233zdE_R227EA_seed042_20260720T095135Z,0.11511499023253577,0.6928521568561462,39.932593895113776,0.3003319404702971,0.002838204820018053
DC-C,SBVCHP_SBORC,R1233zd(E),R227EA,73,S4_DCC_SBVCHP-SBORC_R1233zdE_R227EA_seed073_20260720T095135Z,0.1131818625304694,0.6532260322899099,39.93077570944397,0.2990877327168065,0.004959178489793354
DC-C,SBVCHP_SBORC,R1233zd(E),R227EA,101,S4_DCC_SBVCHP-SBORC_R1233zdE_R227EA_seed101_20260720T095135Z,0.11513171132310052,0.7305173517353929,39.93224556700546,0.3000783538715013,0.004501246469328027
DC-C,SBVCHP_SBORC,R1233zd(E),R227EA,202,S4_DCC_SBVCHP-SBORC_R1233zdE_R227EA_seed202_20260721T031641Z,0.11535568111753579,0.7153998043983566,39.93142898766818,0.2997920125400711,0.0032753013588743955
DC-C,SRVCHP_SRORC,Acetone,R236ea,17,S4_DCC_SRVCHP-SRORC_Acetone_R236ea_seed017_20260720T095135Z,0.19077819461667667,0.8066836402832812,39.63946313056928,0.3995389978073002,0.003444461626114198
DC-C,SRVCHP_SRORC,Acetone,R236ea,42,S4_DCC_SRVCHP-SRORC_Acetone_R236ea_seed042_20260720T095135Z,0.1875833879096082,0.7232810285216331,39.62860247551649,0.3988034394423579,0.005514115001724909
DC-C,SRVCHP_SRORC,Acetone,R236ea,73,S4_DCC_SRVCHP-SRORC_Acetone_R236ea_seed073_20260720T095135Z,0.1903073016362375,0.7735038113716031,39.62335904265181,0.399183060518397,0.002786945173553138
DC-C,SRVCHP_SRORC,Acetone,R236ea,101,S4_DCC_SRVCHP-SRORC_Acetone_R236ea_seed101_20260720T095135Z,0.191618759166566,0.8064979848380058,39.62959574716516,0.3994744440336324,0.001901775976499431
DC-C,SRVCHP_SRORC,Acetone,R236ea,202,S4_DCC_SRVCHP-SRORC_Acetone_R236ea_seed202_20260720T095135Z,0.19024227293026164,0.7839383110824935,39.63363437893014,0.399003944003703,0.0033914856456341924
DC-C,SRVCHP_SRORC,Cyclopentane,R236ea,17,S4_DCC_SRVCHP-SRORC_Cyclopentane_R236ea_seed017_20260720T095135Z,0.19112491563041498,0.806820015404561,39.62976264525859,0.4014933093159413,0.003312180547752457
DC-C,SRVCHP_SRORC,Cyclopentane,R236ea,42,S4_DCC_SRVCHP-SRORC_Cyclopentane_R236ea_seed042_20260720T095135Z,0.1911350807662377,0.7811599699200453,39.63846913610092,0.4019775791531939,0.002946673039357268
DC-C,SRVCHP_SRORC,Cyclopentane,R236ea,73,S4_DCC_SRVCHP-SRORC_Cyclopentane_R236ea_seed073_20260720T095135Z,0.19097106942318437,0.8037084698862879,39.64231483282881,0.4017987915745809,0.0033067199821137333
DC-C,SRVCHP_SRORC,Cyclopentane,R236ea,101,S4_DCC_SRVCHP-SRORC_Cyclopentane_R236ea_seed101_20260720T095135Z,0.19121523153539904,0.7945058270704194,39.63831776322783,0.4020090172331419,0.0030964023351194017
DC-C,SRVCHP_SRORC,Cyclopentane,R236ea,202,S4_DCC_SRVCHP-SRORC_Cyclopentane_R236ea_seed202_20260720T095135Z,0.19143022708482935,0.7854022326497477,39.63166962456132,0.4024397927406735,0.0027647649011150904
DC-C,SRVCHP_SRORC,Cyclopentane,R600,17,S4_DCC_SRVCHP-SRORC_Cyclopentane_R600_seed017_20260720T095135Z,0.19066724948735014,0.8003223905593015,39.53827008646365,0.4102490869878921,0.003422771728454209
DC-C,SRVCHP_SRORC,Cyclopentane,R600,42,S4_DCC_SRVCHP-SRORC_Cyclopentane_R600_seed042_20260721T031641Z,0.189950991119052,0.7554238734177686,39.580365152336,0.4101527014921206,0.0033742990007858895
DC-C,SRVCHP_SRORC,Cyclopentane,R600,73,S4_DCC_SRVCHP-SRORC_Cyclopentane_R600_seed073_20260720T095135Z,0.18950342291455585,0.7892046070195325,39.52916732713965,0.4087660379002747,0.004476155610171131
DC-C,SRVCHP_SRORC,Cyclopentane,R600,101,S4_DCC_SRVCHP-SRORC_Cyclopentane_R600_seed101_20260720T095135Z,0.1917639172959887,0.7973685777896224,39.52140501236141,0.4106189233125318,0.0021550983302947692
DC-C,SRVCHP_SRORC,Cyclopentane,R600,202,S4_DCC_SRVCHP-SRORC_Cyclopentane_R600_seed202_20260720T095135Z,0.1900996978148363,0.7850712138912436,39.600725824443856,0.4090600800388557,0.003705610337147779
DC-C,SRVCHP_SRORC,R1233zd(E),R227EA,17,S4_DCC_SRVCHP-SRORC_R1233zdE_R227EA_seed017_20260721T031641Z,0.16643361642330162,0.78874717931721,39.67871779495122,0.3462624704123768,0.0035616151368030036
DC-C,SRVCHP_SRORC,R1233zd(E),R227EA,42,S4_DCC_SRVCHP-SRORC_R1233zdE_R227EA_seed042_20260720T095135Z,0.1673251666984363,0.7826795016184902,39.674442645646025,0.346196540580409,0.002383250351441101
DC-C,SRVCHP_SRORC,R1233zd(E),R227EA,73,S4_DCC_SRVCHP-SRORC_R1233zdE_R227EA_seed073_20260720T095135Z,0.16572835080443862,0.7873847854070731,39.67225209287832,0.3440858361164564,0.004280908326716004
DC-C,SRVCHP_SRORC,R1233zd(E),R227EA,101,S4_DCC_SRVCHP-SRORC_R1233zdE_R227EA_seed101_20260720T095135Z,0.16646841905917728,0.7895029813717421,39.68200784614624,0.3448949816094259,0.0028352573721595613
DC-C,SRVCHP_SRORC,R1233zd(E),R227EA,202,S4_DCC_SRVCHP-SRORC_R1233zdE_R227EA_seed202_20260721T031641Z,0.16681393825695584,0.7865313134758118,39.68297259500047,0.3451393475088747,0.0026619710637600146
DC-C,SRVCHP_SRORC,R600,R236ea,17,S4_DCC_SRVCHP-SRORC_R600_R236ea_seed017_20260720T095135Z,0.1819938528014245,0.7947365720075903,39.640279235685874,0.3878627387773076,0.0028996991261209014
DC-C,SRVCHP_SRORC,R600,R236ea,42,S4_DCC_SRVCHP-SRORC_R600_R236ea_seed042_20260721T031641Z,0.18211026733282373,0.771490835573947,39.63887269722404,0.3881658901989343,0.0025231499062430365
DC-C,SRVCHP_SRORC,R600,R236ea,73,S4_DCC_SRVCHP-SRORC_R600_R236ea_seed073_20260720T095135Z,0.1803587746245251,0.7919536746257086,39.62660016308239,0.3857774343927886,0.004560650674709746
DC-C,SRVCHP_SRORC,R600,R236ea,101,S4_DCC_SRVCHP-SRORC_R600_R236ea_seed101_20260720T095135Z,0.18204010642136928,0.7932546556577134,39.63039768112318,0.3879961630217488,0.002771916356274254
DC-C,SRVCHP_SRORC,R600,R236ea,202,S4_DCC_SRVCHP-SRORC_R600_R236ea_seed202_20260720T095135Z,0.18223570720970142,0.7923970230928792,39.66978489441679,0.3871353449559314,0.002139800054168395
DC-D,SBVCHP_SBORC,Acetone,R236ea,17,S4_DCD_SBVCHP-SBORC_Acetone_R236ea_seed017_20260720T095135Z,0.10978348583161203,0.5164988153873928,39.59783407909298,0.344694995760191,0.0021888384351203237
DC-D,SBVCHP_SBORC,Acetone,R236ea,42,S4_DCD_SBVCHP-SBORC_Acetone_R236ea_seed042_20260721T031641Z,0.10965205789282627,0.522291190433909,39.598699603387686,0.345479468482132,0.0032618279505476754
DC-D,SBVCHP_SBORC,Acetone,R236ea,73,S4_DCD_SBVCHP-SBORC_Acetone_R236ea_seed073_20260720T095135Z,0.10961702545779052,0.5177734967353369,39.59887050392063,0.3446526866926478,0.002313966854894765
DC-D,SBVCHP_SBORC,Acetone,R236ea,101,S4_DCD_SBVCHP-SBORC_Acetone_R236ea_seed101_20260720T095135Z,0.10975991674553334,0.5171542790798492,39.59845763309149,0.3444975593690673,0.00208704640505363
DC-D,SBVCHP_SBORC,Acetone,R236ea,202,S4_DCD_SBVCHP-SBORC_Acetone_R236ea_seed202_20260720T095135Z,0.10989774198735926,0.5157334713112482,39.59884797325049,0.344957860753024,0.0015725481449307733
DC-D,SBVCHP_SBORC,Acetone,R236fa,17,S4_DCD_SBVCHP-SBORC_Acetone_R236fa_seed017_20260720T095135Z,0.10556843468362438,0.5057567280276664,39.600822070670056,0.3320068385493945,0.0032090821968001064
DC-D,SBVCHP_SBORC,Acetone,R236fa,42,S4_DCD_SBVCHP-SBORC_Acetone_R236fa_seed042_20260720T095135Z,0.10669519717102191,0.5060814630391312,39.601398614551215,0.3325403845895084,0.001359134328790595
DC-D,SBVCHP_SBORC,Acetone,R236fa,73,S4_DCD_SBVCHP-SBORC_Acetone_R236fa_seed073_20260721T031641Z,0.10615603233452385,0.503316626575543,39.60190653502897,0.3331242219515238,0.0030274889252413437
DC-D,SBVCHP_SBORC,Acetone,R236fa,101,S4_DCD_SBVCHP-SBORC_Acetone_R236fa_seed101_20260720T095135Z,0.10612645568650006,0.503093131602082,39.60069859687783,0.3330116717824861,0.002902816469188521
DC-D,SBVCHP_SBORC,Acetone,R236fa,202,S4_DCD_SBVCHP-SBORC_Acetone_R236fa_seed202_20260720T095135Z,0.10728062419585047,0.5049137340346798,39.60200856660907,0.3339973398968002,0.0012246169351296744
DC-D,SBVCHP_SBORC,Acetone,R245fa,17,S4_DCD_SBVCHP-SBORC_Acetone_R245fa_seed017_20260720T095135Z,0.11389450943894579,0.5321643782613142,39.59313412128917,0.3610243823437149,0.002062925193440607
DC-D,SBVCHP_SBORC,Acetone,R245fa,42,S4_DCD_SBVCHP-SBORC_Acetone_R245fa_seed042_20260720T095135Z,0.113664937813395,0.5324225041691611,39.59252287705977,0.3610872316230869,0.0025702969746174737
DC-D,SBVCHP_SBORC,Acetone,R245fa,73,S4_DCD_SBVCHP-SBORC_Acetone_R245fa_seed073_20260720T095135Z,0.11406556330721841,0.532652937112567,39.59239846713688,0.3614455569652545,0.002343958399043628
DC-D,SBVCHP_SBORC,Acetone,R245fa,101,S4_DCD_SBVCHP-SBORC_Acetone_R245fa_seed101_20260720T095135Z,0.11422228505218485,0.5331957688648654,39.59201765026331,0.3611091890139475,0.0019541386431519525
DC-D,SBVCHP_SBORC,Acetone,R245fa,202,S4_DCD_SBVCHP-SBORC_Acetone_R245fa_seed202_20260720T095135Z,0.11300801189753391,0.5250567311813316,39.5927002611677,0.3595670008234606,0.0021928815283810458
DC-D,SBVCHP_SBORC,Acetone,R365MFC,17,S4_DCD_SBVCHP-SBORC_Acetone_R365MFC_seed017_20260720T095135Z,0.11408868571076743,0.5364684372158144,39.59076306099828,0.3626606561420097,0.002960915605884314
DC-D,SBVCHP_SBORC,Acetone,R365MFC,42,S4_DCD_SBVCHP-SBORC_Acetone_R365MFC_seed042_20260720T095135Z,0.11442536313263135,0.5326998091676718,39.592844831237,0.3642373758194215,0.002273456366209484
DC-D,SBVCHP_SBORC,Acetone,R365MFC,73,S4_DCD_SBVCHP-SBORC_Acetone_R365MFC_seed073_20260720T095135Z,0.11451295569658729,0.5266855102799552,39.465118053482975,0.3639871280106835,0.0019914120796607824
DC-D,SBVCHP_SBORC,Acetone,R365MFC,101,S4_DCD_SBVCHP-SBORC_Acetone_R365MFC_seed101_20260720T095135Z,0.11512851395291587,0.536542351311737,39.59224661413133,0.3644244185105059,0.001573392042158712
DC-D,SBVCHP_SBORC,Acetone,R365MFC,202,S4_DCD_SBVCHP-SBORC_Acetone_R365MFC_seed202_20260720T095135Z,0.114750994089111,0.5371009458806922,39.59209734668375,0.3636682666372301,0.0021724442193486447
DC-D,SBVCHP_SBORC,R1233zd(E),R227EA,17,S4_DCD_SBVCHP-SBORC_R1233zdE_R227EA_seed017_20260720T095135Z,0.07142582114386545,0.4331194087678116,39.61279316494785,0.2712236071641729,0.004031354050382449
DC-D,SBVCHP_SBORC,R1233zd(E),R227EA,42,S4_DCD_SBVCHP-SBORC_R1233zdE_R227EA_seed042_20260720T095135Z,0.07209504895061594,0.4125379198716885,39.613140413527496,0.2753361498827205,0.0017921701142173073
DC-D,SBVCHP_SBORC,R1233zd(E),R227EA,73,S4_DCD_SBVCHP-SBORC_R1233zdE_R227EA_seed073_20260721T031641Z,0.07236105302998043,0.428850568378745,39.60945193705053,0.2745622112016225,0.0033008380696596213
DC-D,SBVCHP_SBORC,R1233zd(E),R227EA,101,S4_DCD_SBVCHP-SBORC_R1233zdE_R227EA_seed101_20260721T031641Z,0.07181722505336285,0.4051399334470439,39.613098276974135,0.2746927051769651,0.0018389818183017898
DC-D,SBVCHP_SBORC,R1233zd(E),R227EA,202,S4_DCD_SBVCHP-SBORC_R1233zdE_R227EA_seed202_20260721T031641Z,0.07333634110824486,0.4322195064341163,39.61296724263377,0.2752278839960969,0.0018687386795560672
DC-D,SRVCHP_SRORC,Acetone,R236ea,17,S4_DCD_SRVCHP-SRORC_Acetone_R236ea_seed017_20260720T095135Z,0.13338076356548972,0.5626284186716111,39.31506214371826,0.3872045484460426,0.00396511947825376
DC-D,SRVCHP_SRORC,Acetone,R236ea,42,S4_DCD_SRVCHP-SRORC_Acetone_R236ea_seed042_20260720T095135Z,0.13439165013938953,0.5657539148187755,39.32868210601109,0.3874942010768823,0.0016126093816388864
DC-D,SRVCHP_SRORC,Acetone,R236ea,73,S4_DCD_SRVCHP-SRORC_Acetone_R236ea_seed073_20260721T031641Z,0.13379627412275266,0.5650695445637451,39.32473524715894,0.3874395596944769,0.002660119575202047
DC-D,SRVCHP_SRORC,Acetone,R236ea,101,S4_DCD_SRVCHP-SRORC_Acetone_R236ea_seed101_20260720T095135Z,0.13387525102758652,0.5648212475109109,39.32684945768439,0.3874694486379473,0.002519696135228699
DC-D,SRVCHP_SRORC,Acetone,R236ea,202,S4_DCD_SRVCHP-SRORC_Acetone_R236ea_seed202_20260720T095135Z,0.1337803814010894,0.5633142835511602,39.32782817863358,0.3868976164109346,0.002684124161525154
DC-D,SRVCHP_SRORC,Acetone,R365MFC,17,S4_DCD_SRVCHP-SRORC_Acetone_R365MFC_seed017_20260720T095135Z,0.1411992960375048,0.5966721990232042,39.31804581052874,0.4137711966218078,0.002738450505010022
DC-D,SRVCHP_SRORC,Acetone,R365MFC,42,S4_DCD_SRVCHP-SRORC_Acetone_R365MFC_seed042_20260720T095135Z,0.14050157069010877,0.5938870863186831,39.319528648105546,0.4135084398667761,0.00322678229731999
DC-D,SRVCHP_SRORC,Acetone,R365MFC,73,S4_DCD_SRVCHP-SRORC_Acetone_R365MFC_seed073_20260720T095135Z,0.1406386460787151,0.596065599979167,39.31923121040922,0.4141167436257983,0.004054276332956167
DC-D,SRVCHP_SRORC,Acetone,R365MFC,101,S4_DCD_SRVCHP-SRORC_Acetone_R365MFC_seed101_20260720T095135Z,0.1407817912311513,0.5961263675436443,39.31902608733365,0.413758458462842,0.0033717937929048677
DC-D,SRVCHP_SRORC,Acetone,R365MFC,202,S4_DCD_SRVCHP-SRORC_Acetone_R365MFC_seed202_20260720T095135Z,0.14197113982267257,0.59650541140758,39.31599056306368,0.4142543501997314,0.0012844506030851586
DC-D,SRVCHP_SRORC,Cyclopentane,R227EA,17,S4_DCD_SRVCHP-SRORC_Cyclopentane_R227EA_seed017_20260721T031641Z,0.11726983620966552,0.5279964828621041,39.41413351138338,0.3274261795880246,0.0020371173953163016
DC-D,SRVCHP_SRORC,Cyclopentane,R227EA,42,S4_DCD_SRVCHP-SRORC_Cyclopentane_R227EA_seed042_20260720T095135Z,0.11619839840940648,0.5204777955393218,39.40608334900302,0.3271372511755084,0.0021576775818412277
DC-D,SRVCHP_SRORC,Cyclopentane,R227EA,73,S4_DCD_SRVCHP-SRORC_Cyclopentane_R227EA_seed073_20260720T095135Z,0.11347873949417636,0.5256261048073116,39.41398082202738,0.322852723318203,0.006698262957480686
DC-D,SRVCHP_SRORC,Cyclopentane,R227EA,101,S4_DCD_SRVCHP-SRORC_Cyclopentane_R227EA_seed101_20260720T095135Z,0.11457420053492179,0.5247192284040683,39.41170708140088,0.3264185676405429,0.00491134884382961
DC-D,SRVCHP_SRORC,Cyclopentane,R227EA,202,S4_DCD_SRVCHP-SRORC_Cyclopentane_R227EA_seed202_20260721T031641Z,0.11450364959708803,0.5229412008848418,39.41393236639821,0.3255636812015763,0.005320239748197747
DC-D,SRVCHP_SRORC,Cyclopentane,R365MFC,17,S4_DCD_SRVCHP-SRORC_Cyclopentane_R365MFC_seed017_20260720T095135Z,0.1406665033394611,0.5991571530140517,39.31399494685441,0.4166460117932392,0.0043758478592748
DC-D,SRVCHP_SRORC,Cyclopentane,R365MFC,42,S4_DCD_SRVCHP-SRORC_Cyclopentane_R365MFC_seed042_20260720T095135Z,0.1411999142674952,0.5987642066165946,39.32458601979201,0.417373010589849,0.003600926731311014
DC-D,SRVCHP_SRORC,Cyclopentane,R365MFC,73,S4_DCD_SRVCHP-SRORC_Cyclopentane_R365MFC_seed073_20260720T095135Z,0.14208377627245966,0.5994442945269908,39.318260420482,0.4182687509170421,0.002684328162960358
DC-D,SRVCHP_SRORC,Cyclopentane,R365MFC,101,S4_DCD_SRVCHP-SRORC_Cyclopentane_R365MFC_seed101_20260720T095135Z,0.14118627992779095,0.5980592876350435,39.07809344067193,0.4163951400882607,0.0028792386178096894
DC-D,SRVCHP_SRORC,Cyclopentane,R365MFC,202,S4_DCD_SRVCHP-SRORC_Cyclopentane_R365MFC_seed202_20260720T095135Z,0.14144840776526604,0.598987914808568,39.31796347284815,0.4171227816741628,0.0031120714475094927
DC-D,SRVCHP_SRORC,R1233zd(E),R227EA,17,S4_DCD_SRVCHP-SRORC_R1233zdE_R227EA_seed017_20260721T031641Z,0.11242034837019335,0.517080779438894,39.41394815364525,0.3191441056522691,0.003308624842122074
DC-D,SRVCHP_SRORC,R1233zd(E),R227EA,42,S4_DCD_SRVCHP-SRORC_R1233zdE_R227EA_seed042_20260721T031641Z,0.11176961547558203,0.5165480533241421,39.408655280700536,0.3204878810706508,0.0034555923758100814
DC-D,SRVCHP_SRORC,R1233zd(E),R227EA,73,S4_DCD_SRVCHP-SRORC_R1233zdE_R227EA_seed073_20260721T031641Z,0.11236578123791917,0.5128608956593496,39.4139385869154,0.318797553729326,0.0025768139805907677
DC-D,SRVCHP_SRORC,R1233zd(E),R227EA,101,S4_DCD_SRVCHP-SRORC_R1233zdE_R227EA_seed101_20260721T031641Z,0.11238859924040129,0.5169317300139242,39.41506297101404,0.319423382886973,0.0027626616243980307
DC-D,SRVCHP_SRORC,R1233zd(E),R227EA,202,S4_DCD_SRVCHP-SRORC_R1233zdE_R227EA_seed202_20260721T031641Z,0.11146815165194193,0.513335455302659,39.414904177334535,0.3179670560607885,0.004400764940261943
DC-E,SBVCHP_SBORC,Acetone,R1234ze(E),17,S4_DCE_SBVCHP-SBORC_Acetone_R1234zeE_seed017_20260720T095135Z,0.18035803441591472,0.9998504954674456,45.49545126893392,0.2948685195036055,0.003907055326271585
DC-E,SBVCHP_SBORC,Acetone,R1234ze(E),42,S4_DCE_SBVCHP-SBORC_Acetone_R1234zeE_seed042_20260721T031641Z,0.18096877973491163,0.9999339254577804,45.49557144621976,0.2952240018763195,0.004584936242599614
DC-E,SBVCHP_SBORC,Acetone,R1234ze(E),73,S4_DCE_SBVCHP-SBORC_Acetone_R1234zeE_seed073_20260720T095135Z,0.18313590037967675,0.9997623538408538,45.49709885022073,0.2947162359832869,0.002297803802048845
DC-E,SBVCHP_SBORC,Acetone,R1234ze(E),101,S4_DCE_SBVCHP-SBORC_Acetone_R1234zeE_seed101_20260720T095135Z,0.18270108111924271,0.9999989904884364,45.49521280097093,0.2961565436568659,0.002398040838667596
DC-E,SBVCHP_SBORC,Acetone,R1234ze(E),202,S4_DCE_SBVCHP-SBORC_Acetone_R1234zeE_seed202_20260720T095135Z,0.17890289089984898,0.9999448398991224,45.497882115328125,0.2945718523624891,0.005710353421166721
DC-E,SBVCHP_SBORC,Acetone,R236ea,17,S4_DCE_SBVCHP-SBORC_Acetone_R236ea_seed017_20260720T095135Z,0.19264877148443135,0.999591923442672,45.49721972868012,0.3221898294881028,0.00365655792492073
DC-E,SBVCHP_SBORC,Acetone,R236ea,42,S4_DCE_SBVCHP-SBORC_Acetone_R236ea_seed042_20260721T031641Z,0.18616790535900626,0.9473918674195848,45.49554023266154,0.3190059810511996,0.011159965103384573
DC-E,SBVCHP_SBORC,Acetone,R236ea,73,S4_DCE_SBVCHP-SBORC_Acetone_R236ea_seed073_20260720T095135Z,0.19307358225155746,0.9996028905388592,45.49562203866749,0.3205649737041161,0.0030880743789833786
DC-E,SBVCHP_SBORC,Acetone,R236ea,101,S4_DCE_SBVCHP-SBORC_Acetone_R236ea_seed101_20260720T095135Z,0.19292889790437392,0.999563808969105,45.485309867352,0.3214485816164811,0.0032069538884436973
DC-E,SBVCHP_SBORC,Acetone,R236ea,202,S4_DCE_SBVCHP-SBORC_Acetone_R236ea_seed202_20260721T031641Z,0.19157413764789566,0.999789485220098,45.49578670583536,0.3215201219882478,0.004796017460529464
DC-E,SBVCHP_SBORC,Acetone,R600,17,S4_DCE_SBVCHP-SBORC_Acetone_R600_seed017_20260720T095135Z,0.1949845679267031,0.9999687591726212,45.48924232229399,0.333466606065031,0.004603467633497046
DC-E,SBVCHP_SBORC,Acetone,R600,42,S4_DCE_SBVCHP-SBORC_Acetone_R600_seed042_20260720T095135Z,0.1961567733197432,0.9998840180183812,45.48776863994595,0.3344267431628831,0.00401762000378859
DC-E,SBVCHP_SBORC,Acetone,R600,73,S4_DCE_SBVCHP-SBORC_Acetone_R600_seed073_20260721T031641Z,0.1947622576261813,0.9871506672113765,45.48966117969204,0.3353302314673016,0.005061473541182675
DC-E,SBVCHP_SBORC,Acetone,R600,101,S4_DCE_SBVCHP-SBORC_Acetone_R600_seed101_20260720T095135Z,0.19667339443433063,0.9999689416830156,45.48271174300252,0.335521813156318,0.0030811063672918837
DC-E,SBVCHP_SBORC,Acetone,R600,202,S4_DCE_SBVCHP-SBORC_Acetone_R600_seed202_20260721T031641Z,0.195452195707069,0.9998670918826637,45.490410242645055,0.3349485911593787,0.0045633671135647084
DC-E,SBVCHP_SBORC,Acetone,R600a,17,S4_DCE_SBVCHP-SBORC_Acetone_R600a_seed017_20260721T031641Z,0.19102425198925452,0.9999274808561268,45.49027152549098,0.3234016402883853,0.0040099874258996485
DC-E,SBVCHP_SBORC,Acetone,R600a,42,S4_DCE_SBVCHP-SBORC_Acetone_R600a_seed042_20260720T095135Z,0.1921351886966521,0.9999298300652676,45.49018418262157,0.3233303855884539,0.0030693358781775258
DC-E,SBVCHP_SBORC,Acetone,R600a,73,S4_DCE_SBVCHP-SBORC_Acetone_R600a_seed073_20260721T031641Z,0.1907689423264249,0.9998764380313496,45.49323224842861,0.3228870157683993,0.003986908946269063
DC-E,SBVCHP_SBORC,Acetone,R600a,101,S4_DCE_SBVCHP-SBORC_Acetone_R600a_seed101_20260720T095135Z,0.19245037817979757,0.9998828391998028,45.487399906778776,0.3235399964130711,0.002893744004611993
DC-E,SBVCHP_SBORC,Acetone,R600a,202,S4_DCE_SBVCHP-SBORC_Acetone_R600a_seed202_20260720T095135Z,0.19078422140473958,0.9999387873791684,45.49345023189204,0.3230549237101522,0.005056393776370945
DC-E,SBVCHP_SBORC,Cyclopentane,R227EA,17,S4_DCE_SBVCHP-SBORC_Cyclopentane_R227EA_seed017_20260721T031641Z,0.16517100823216693,0.9999982343286562,45.506471813975466,0.2732573887748051,0.0030599077561011684
DC-E,SBVCHP_SBORC,Cyclopentane,R227EA,42,S4_DCE_SBVCHP-SBORC_Cyclopentane_R227EA_seed042_20260720T095135Z,0.16500915288809603,0.999986411766846,45.50758025305762,0.2757237773252375,0.003371722948536937
DC-E,SBVCHP_SBORC,Cyclopentane,R227EA,73,S4_DCE_SBVCHP-SBORC_Cyclopentane_R227EA_seed073_20260720T095135Z,0.16491684871729445,0.9998546199909202,45.504314147917626,0.274547231125234,0.0037948776179641554
DC-E,SBVCHP_SBORC,Cyclopentane,R227EA,101,S4_DCE_SBVCHP-SBORC_Cyclopentane_R227EA_seed101_20260721T031641Z,0.16267642229736065,0.9998214105429212,45.5068167123626,0.272558360048307,0.005120722988213578
DC-E,SBVCHP_SBORC,Cyclopentane,R227EA,202,S4_DCE_SBVCHP-SBORC_Cyclopentane_R227EA_seed202_20260721T031641Z,0.1628925425671825,0.9997737299042708,45.50865679313104,0.275269652156036,0.006760369517731707
DC-E,SRVCHP_SRORC,Acetone,R236ea,17,S4_DCE_SRVCHP-SRORC_Acetone_R236ea_seed017_20260720T095135Z,0.22433688345333502,0.9999960883890618,45.16059209338994,0.357720405449774,0.004512905394805189
DC-E,SRVCHP_SRORC,Acetone,R236ea,42,S4_DCE_SRVCHP-SRORC_Acetone_R236ea_seed042_20260720T095135Z,0.22498725064866135,0.9999933395355548,45.16106950865907,0.3573802807453087,0.003623331800131057
DC-E,SRVCHP_SRORC,Acetone,R236ea,73,S4_DCE_SRVCHP-SRORC_Acetone_R236ea_seed073_20260720T095135Z,0.2246981434881364,0.9999823091391522,45.14095438233896,0.3580324167788564,0.004241147272315342
DC-E,SRVCHP_SRORC,Acetone,R236ea,101,S4_DCE_SRVCHP-SRORC_Acetone_R236ea_seed101_20260720T095135Z,0.22578128292008873,0.9999921176260678,45.18472136925773,0.3576204557195546,0.0029241674353386337
DC-E,SRVCHP_SRORC,Acetone,R236ea,202,S4_DCE_SRVCHP-SRORC_Acetone_R236ea_seed202_20260720T095135Z,0.22485926294062122,0.999820964356942,45.1810751954478,0.3566361143710091,0.0036364974690532353
DC-E,SRVCHP_SRORC,Cyclopentane,R227EA,17,S4_DCE_SRVCHP-SRORC_Cyclopentane_R227EA_seed017_20260720T095135Z,0.20673389621088176,0.9999649671890628,45.21172556539447,0.3068572882552408,0.004043166828183698
DC-E,SRVCHP_SRORC,Cyclopentane,R227EA,42,S4_DCE_SRVCHP-SRORC_Cyclopentane_R227EA_seed042_20260720T095135Z,0.20661033724197586,0.9999504985583272,45.209861927224175,0.3040811227000197,0.003580085595048772
DC-E,SRVCHP_SRORC,Cyclopentane,R227EA,73,S4_DCE_SRVCHP-SRORC_Cyclopentane_R227EA_seed073_20260721T031641Z,0.20435137245770546,0.999786513245046,45.20434521299722,0.3050722975279588,0.004792159109294955
DC-E,SRVCHP_SRORC,Cyclopentane,R227EA,101,S4_DCE_SRVCHP-SRORC_Cyclopentane_R227EA_seed101_20260720T095135Z,0.20486064528478823,0.999966105107118,45.21130520889624,0.3047622859009689,0.00594850081990613
DC-E,SRVCHP_SRORC,Cyclopentane,R227EA,202,S4_DCE_SRVCHP-SRORC_Cyclopentane_R227EA_seed202_20260721T031641Z,0.20633380435276674,0.999950120646702,45.197163810440685,0.3057457294824697,0.004145171457180151
DC-E,SRVCHP_SRORC,Cyclopentane,R245fa,17,S4_DCE_SRVCHP-SRORC_Cyclopentane_R245fa_seed017_20260720T095135Z,0.222511742074331,0.9999403963720928,45.0706360562795,0.3644968925669656,0.003931877660792471
DC-E,SRVCHP_SRORC,Cyclopentane,R245fa,42,S4_DCE_SRVCHP-SRORC_Cyclopentane_R245fa_seed042_20260720T095135Z,0.2234532795756177,0.999997754720296,45.03747914280762,0.364641627306789,0.003969984625464099
DC-E,SRVCHP_SRORC,Cyclopentane,R245fa,73,S4_DCE_SRVCHP-SRORC_Cyclopentane_R245fa_seed073_20260720T095135Z,0.22304834998775522,0.999996514963196,45.04605293896441,0.3640426726490818,0.0036556241875580174
DC-E,SRVCHP_SRORC,Cyclopentane,R245fa,101,S4_DCE_SRVCHP-SRORC_Cyclopentane_R245fa_seed101_20260720T095135Z,0.22368614624988994,0.9999697869190244,45.05702140966396,0.3650460625230838,0.0029841459772342706
DC-E,SRVCHP_SRORC,Cyclopentane,R245fa,202,S4_DCE_SRVCHP-SRORC_Cyclopentane_R245fa_seed202_20260720T095135Z,0.22308476212480854,0.9999963086341264,45.06826328894128,0.3653238019750376,0.0037342950109634336
DC-E,SRVCHP_SRORC,R1233zd(E),R227EA,17,S4_DCE_SRVCHP-SRORC_R1233zdE_R227EA_seed017_20260720T095135Z,0.20487058915728354,0.9999868566388151,45.20791806452768,0.3007786910582689,0.0030582230527683484
DC-E,SRVCHP_SRORC,R1233zd(E),R227EA,42,S4_DCE_SRVCHP-SRORC_R1233zdE_R227EA_seed042_20260720T095135Z,0.20343824940830402,0.99990866958586,45.21229454397754,0.3027636601523704,0.0069270391122869404
DC-E,SRVCHP_SRORC,R1233zd(E),R227EA,73,S4_DCE_SRVCHP-SRORC_R1233zdE_R227EA_seed073_20260720T095135Z,0.20519298300719963,0.9999529209516568,45.19684240253476,0.3038021033151178,0.004102567398112701
DC-E,SRVCHP_SRORC,R1233zd(E),R227EA,101,S4_DCE_SRVCHP-SRORC_R1233zdE_R227EA_seed101_20260720T095135Z,0.20496886274962284,0.999923012623009,45.20840647468144,0.3037837135555672,0.004260127133992881
DC-E,SRVCHP_SRORC,R1233zd(E),R227EA,202,S4_DCE_SRVCHP-SRORC_R1233zdE_R227EA_seed202_20260721T031641Z,0.20297185915605812,0.9999982589011638,45.20859313136342,0.3022504064539215,0.0072197368765992975
DC-E,SRVCHP_SRORC,R601a,R600,17,S4_DCE_SRVCHP-SRORC_R601a_R600_seed017_20260720T095135Z,0.21207631634139482,0.9998471995943056,45.095185368396805,0.35915158582213,0.007746434084535571
DC-E,SRVCHP_SRORC,R601a,R600,42,S4_DCE_SRVCHP-SRORC_R601a_R600_seed042_20260720T095135Z,0.21551104639413526,0.99988420361303,45.06293143422535,0.360114407709242,0.0030934572473721765
DC-E,SRVCHP_SRORC,R601a,R600,73,S4_DCE_SRVCHP-SRORC_R601a_R600_seed073_20260720T095135Z,0.21501998032405806,0.9991696632287492,45.07288209459311,0.3603019310136421,0.003941158386727319
DC-E,SRVCHP_SRORC,R601a,R600,101,S4_DCE_SRVCHP-SRORC_R601a_R600_seed101_20260720T095135Z,0.21457024264048621,0.999887514057501,45.170188876108426,0.3601388453993694,0.004222920370935398
DC-E,SRVCHP_SRORC,R601a,R600,202,S4_DCE_SRVCHP-SRORC_R601a_R600_seed202_20260720T095135Z,0.2134351119178269,0.9999324461106956,45.07189344436817,0.3598002645496009,0.005718837740875734
DC-F,SBVCHP_SBORC,Acetone,R236ea,17,S4_DCF_SBVCHP-SBORC_Acetone_R236ea_seed017_20260720T095135Z,0.1411129009810131,0.795093294081415,45.09825034369595,0.318502639557927,0.00324937914818521
DC-F,SBVCHP_SBORC,Acetone,R236ea,42,S4_DCF_SBVCHP-SBORC_Acetone_R236ea_seed042_20260720T095135Z,0.1401050439886107,0.7496746570293847,45.123433787022925,0.3190600543493559,0.003473983044260783
DC-F,SBVCHP_SBORC,Acetone,R236ea,73,S4_DCF_SBVCHP-SBORC_Acetone_R236ea_seed073_20260721T031641Z,0.13914201171323276,0.7492892110163376,45.12173398417828,0.3176400390638504,0.004722543338803876
DC-F,SBVCHP_SBORC,Acetone,R236ea,101,S4_DCF_SBVCHP-SBORC_Acetone_R236ea_seed101_20260720T095135Z,0.1417514955959318,0.8152440938686708,45.12268052669402,0.3189094497871424,0.0027309006283813024
DC-F,SBVCHP_SBORC,Acetone,R236ea,202,S4_DCF_SBVCHP-SBORC_Acetone_R236ea_seed202_20260720T095135Z,0.14064230119486018,0.7706359572296342,45.12185672967972,0.3185753571032055,0.003281967930329448
DC-F,SBVCHP_SBORC,Acetone,R236fa,17,S4_DCF_SBVCHP-SBORC_Acetone_R236fa_seed017_20260721T031641Z,0.13910662192679304,0.7998694619653078,45.12719351639804,0.3071703372901471,0.0037907349988204695
DC-F,SBVCHP_SBORC,Acetone,R236fa,42,S4_DCF_SBVCHP-SBORC_Acetone_R236fa_seed042_20260721T031641Z,0.13756263905053998,0.7117803424800581,45.126359233138736,0.3080059421274507,0.0049556785750583705
DC-F,SBVCHP_SBORC,Acetone,R236fa,73,S4_DCF_SBVCHP-SBORC_Acetone_R236fa_seed073_20260721T031641Z,0.13625496399978917,0.7302484759263773,45.12628283614728,0.3059622642945188,0.006540641505545892
DC-F,SBVCHP_SBORC,Acetone,R236fa,101,S4_DCF_SBVCHP-SBORC_Acetone_R236fa_seed101_20260720T095135Z,0.1387247364856025,0.834499087681229,45.12550016130221,0.3074161536564794,0.0033375123775412755
DC-F,SBVCHP_SBORC,Acetone,R236fa,202,S4_DCF_SBVCHP-SBORC_Acetone_R236fa_seed202_20260721T031641Z,0.13762049022216039,0.8190201278136167,45.123978884521954,0.3058373326595481,0.004694682726493571
DC-F,SBVCHP_SBORC,Acetone,R365MFC,17,S4_DCF_SBVCHP-SBORC_Acetone_R365MFC_seed017_20260721T031641Z,0.1442700746178992,0.804716552406875,45.11557237788641,0.3332635207203437,0.003015486363578258
DC-F,SBVCHP_SBORC,Acetone,R365MFC,42,S4_DCF_SBVCHP-SBORC_Acetone_R365MFC_seed042_20260721T031641Z,0.14314402110377417,0.7532224759024551,45.1152493329484,0.3331718300354341,0.0029283187842846664
DC-F,SBVCHP_SBORC,Acetone,R365MFC,73,S4_DCF_SBVCHP-SBORC_Acetone_R365MFC_seed073_20260720T095135Z,0.14294579866590182,0.7583314688139456,45.07656384969483,0.3341284470242079,0.003961595376287386
DC-F,SBVCHP_SBORC,Acetone,R365MFC,101,S4_DCF_SBVCHP-SBORC_Acetone_R365MFC_seed101_20260721T031641Z,0.14476905378764088,0.8052625853275173,45.11451699183223,0.3343318404579113,0.0035765176573344564
DC-F,SBVCHP_SBORC,Acetone,R365MFC,202,S4_DCF_SBVCHP-SBORC_Acetone_R365MFC_seed202_20260720T095135Z,0.14106816877168488,0.7548853593184125,45.08743555378413,0.3316988411578188,0.006712390792232239
DC-F,SBVCHP_SBORC,Cyclopentane,R227EA,17,S4_DCF_SBVCHP-SBORC_Cyclopentane_R227EA_seed017_20260721T031641Z,0.12078809008720945,0.7990260100398198,45.14176868772662,0.2641232409737399,0.0024199035688029797
DC-F,SBVCHP_SBORC,Cyclopentane,R227EA,42,S4_DCF_SBVCHP-SBORC_Cyclopentane_R227EA_seed042_20260720T095135Z,0.11814364668097475,0.7659403391166107,45.14123342265538,0.2611852220085333,0.004146539889646845
DC-F,SBVCHP_SBORC,Cyclopentane,R227EA,73,S4_DCF_SBVCHP-SBORC_Cyclopentane_R227EA_seed073_20260721T031641Z,0.11626645210483576,0.7241024887529778,45.14063003687412,0.2591795503643884,0.006817018582339753
DC-F,SBVCHP_SBORC,Cyclopentane,R227EA,101,S4_DCF_SBVCHP-SBORC_Cyclopentane_R227EA_seed101_20260721T031641Z,0.11825596332546634,0.7994893656425098,45.14095716333171,0.2616490806166083,0.004962273185813036
DC-F,SBVCHP_SBORC,Cyclopentane,R227EA,202,S4_DCF_SBVCHP-SBORC_Cyclopentane_R227EA_seed202_20260721T031641Z,0.11918124402755421,0.7892500679923812,45.14018777435645,0.2626462417479458,0.004140248399766408
DC-F,SBVCHP_SBORC,Cyclopentane,R236ea,17,S4_DCF_SBVCHP-SBORC_Cyclopentane_R236ea_seed017_20260721T031641Z,0.12726159374856838,0.7730476918560297,45.122515701151066,0.3100899157144485,0.0036165225011836216
DC-F,SBVCHP_SBORC,Cyclopentane,R236ea,42,S4_DCF_SBVCHP-SBORC_Cyclopentane_R236ea_seed042_20260721T031641Z,0.12863970337689445,0.8009520717187307,45.11849322118698,0.3101405948170444,0.0025767479583049405
DC-F,SBVCHP_SBORC,Cyclopentane,R236ea,73,S4_DCF_SBVCHP-SBORC_Cyclopentane_R236ea_seed073_20260721T031641Z,0.12793772147925445,0.7602395301647726,45.12139370724255,0.3102230082447584,0.002540178786022277
DC-F,SBVCHP_SBORC,Cyclopentane,R236ea,101,S4_DCF_SBVCHP-SBORC_Cyclopentane_R236ea_seed101_20260721T031641Z,0.12730537158121233,0.8002338623097988,45.11534464731957,0.3098645871878669,0.0035545694849521106
DC-F,SBVCHP_SBORC,Cyclopentane,R236ea,202,S4_DCF_SBVCHP-SBORC_Cyclopentane_R236ea_seed202_20260721T031641Z,0.12815569410299055,0.8022142196977439,45.12246013952009,0.3102258826891349,0.0033014460436924316
DC-F,SRVCHP_SRORC,Acetone,R236ea,17,S4_DCF_SRVCHP-SRORC_Acetone_R236ea_seed017_20260720T095135Z,0.1587286690096304,0.8291862391983414,40.11896994512503,0.3501128896671549,0.003076965165643913
DC-F,SRVCHP_SRORC,Acetone,R236ea,42,S4_DCF_SRVCHP-SRORC_Acetone_R236ea_seed042_20260720T095135Z,0.15846998083764538,0.7941920469675082,40.22657464593235,0.3510365376153913,0.00278525456904613
DC-F,SRVCHP_SRORC,Acetone,R236ea,73,S4_DCF_SRVCHP-SRORC_Acetone_R236ea_seed073_20260721T031641Z,0.1565103400004406,0.816077013603272,39.354483781972725,0.3495105718574158,0.005267093764863262
DC-F,SRVCHP_SRORC,Acetone,R236ea,101,S4_DCF_SRVCHP-SRORC_Acetone_R236ea_seed101_20260720T095135Z,0.1574654813203443,0.8009403841332302,39.526559879191,0.3493629013982531,0.003533634624238411
DC-F,SRVCHP_SRORC,Acetone,R236ea,202,S4_DCF_SRVCHP-SRORC_Acetone_R236ea_seed202_20260720T095135Z,0.15730938614056383,0.8369424779655689,39.69410592074283,0.3493443257003432,0.004836015285464926
DC-F,SRVCHP_SRORC,Acetone,R365MFC,17,S4_DCF_SRVCHP-SRORC_Acetone_R365MFC_seed017_20260720T095135Z,0.16422802160549385,0.8415038890149944,39.45683934258093,0.369936620611877,0.002219164463813465
DC-F,SRVCHP_SRORC,Acetone,R365MFC,42,S4_DCF_SRVCHP-SRORC_Acetone_R365MFC_seed042_20260720T095135Z,0.16155892660379467,0.7943906072244277,39.39366749471325,0.3691878070048827,0.004523976240738451
DC-F,SRVCHP_SRORC,Acetone,R365MFC,73,S4_DCF_SRVCHP-SRORC_Acetone_R365MFC_seed073_20260721T031641Z,0.16190520052626037,0.8385286353690911,38.524085508603726,0.3697403096124326,0.003912549551253443
DC-F,SRVCHP_SRORC,Acetone,R365MFC,101,S4_DCF_SRVCHP-SRORC_Acetone_R365MFC_seed101_20260720T095135Z,0.16297224973708682,0.8326964078872031,38.79131817689464,0.3692072679608913,0.0025713767662689287
DC-F,SRVCHP_SRORC,Acetone,R365MFC,202,S4_DCF_SRVCHP-SRORC_Acetone_R365MFC_seed202_20260720T095135Z,0.15954549191264436,0.797908261903347,39.189637296725714,0.3683300111879254,0.0070102123683532126
DC-F,SRVCHP_SRORC,CycloHexane,R227EA,17,S4_DCF_SRVCHP-SRORC_CycloHexane_R227EA_seed017_20260720T095135Z,0.1395720048564369,0.8140885965027148,40.664310451540615,0.2886879411295674,0.006486311210317091
DC-F,SRVCHP_SRORC,CycloHexane,R227EA,42,S4_DCF_SRVCHP-SRORC_CycloHexane_R227EA_seed042_20260720T095135Z,0.13943557642021984,0.8133583653197501,40.47471966609376,0.287467369476342,0.00510245813751925
DC-F,SRVCHP_SRORC,CycloHexane,R227EA,73,S4_DCF_SRVCHP-SRORC_CycloHexane_R227EA_seed073_20260721T031641Z,0.14022505438926317,0.8046290681221702,40.667494063190034,0.2870333340001285,0.004289542282636848
DC-F,SRVCHP_SRORC,CycloHexane,R227EA,101,S4_DCF_SRVCHP-SRORC_CycloHexane_R227EA_seed101_20260721T031641Z,0.1384526580551885,0.8048170077257045,40.65479310788674,0.2875315837206491,0.006018799405956654
DC-F,SRVCHP_SRORC,CycloHexane,R227EA,202,S4_DCF_SRVCHP-SRORC_CycloHexane_R227EA_seed202_20260721T031641Z,0.1404192981997871,0.7843922481782402,40.672063725603664,0.2887261590218605,0.006448069133936084
DC-F,SRVCHP_SRORC,Cyclopentane,R365MFC,17,S4_DCF_SRVCHP-SRORC_Cyclopentane_R365MFC_seed017_20260720T095135Z,0.16311829089831767,0.8341897725699395,40.69064341768316,0.3698436995621965,0.002454551870465035
DC-F,SRVCHP_SRORC,Cyclopentane,R365MFC,42,S4_DCF_SRVCHP-SRORC_Cyclopentane_R365MFC_seed042_20260720T095135Z,0.16038683429480965,0.7958501636690539,40.656134431381375,0.3691647513284208,0.005242402661342994
DC-F,SRVCHP_SRORC,Cyclopentane,R365MFC,73,S4_DCF_SRVCHP-SRORC_Cyclopentane_R365MFC_seed073_20260720T095135Z,0.159581726714325,0.8140975582043019,39.39916031882311,0.3691310721123294,0.005608488581008532
DC-F,SRVCHP_SRORC,Cyclopentane,R365MFC,101,S4_DCF_SRVCHP-SRORC_Cyclopentane_R365MFC_seed101_20260720T095135Z,0.15939434761610852,0.7877743836059876,39.37970429985795,0.3696344276768634,0.004806873271495943
DC-F,SRVCHP_SRORC,Cyclopentane,R365MFC,202,S4_DCF_SRVCHP-SRORC_Cyclopentane_R365MFC_seed202_20260721T031641Z,0.1611825309255799,0.8119659892883695,39.1423572328876,0.3705187262034551,0.0034185457163616252
DC-F,SRVCHP_SRORC,R1233zd(E),R227EA,17,S4_DCF_SRVCHP-SRORC_R1233zdE_R227EA_seed017_20260720T095135Z,0.13826536267000025,0.8014439878515469,40.63326041054268,0.2856704989026805,0.004285162610256652
DC-F,SRVCHP_SRORC,R1233zd(E),R227EA,42,S4_DCF_SRVCHP-SRORC_R1233zdE_R227EA_seed042_20260720T095135Z,0.1386186801939603,0.7638740317328573,40.6472886645997,0.2847451118212569,0.00576724742807579
DC-F,SRVCHP_SRORC,R1233zd(E),R227EA,73,S4_DCF_SRVCHP-SRORC_R1233zdE_R227EA_seed073_20260721T031641Z,0.13402792251242313,0.8018257259195921,40.53278517452606,0.2812599326974698,0.010695071823581896
DC-F,SRVCHP_SRORC,R1233zd(E),R227EA,101,S4_DCF_SRVCHP-SRORC_R1233zdE_R227EA_seed101_20260721T031641Z,0.13697401183537833,0.8060574139934361,40.49219598004549,0.2821242806748566,0.00540806783600721
DC-F,SRVCHP_SRORC,R1233zd(E),R227EA,202,S4_DCF_SRVCHP-SRORC_R1233zdE_R227EA_seed202_20260721T031641Z,0.13661144062120156,0.802877254011613,40.54323328801213,0.2836769343383833,0.006323864565872165
