run_id,stage,wp,cfg,fluid_hp,fluid_he,seed,scheduler_status,exit_code,elapsed_s,run_dir,detail
S0WRAPPERFIX_DCC_SBVCHP-SRORC_R1234zeZ_R134a_seed042_20260716T105954Z,S0WRAPPERFIX,DC-C,SBVCHP_SRORC,R1234ze(Z),R134a,42,FINISHED,0,38.248085737228394,${CBSIM_RUNS_ROOT}/S0_REMEDIATION/BATCH_S0WRAPPERFIX_20260716T105954Z/runs/S0WRAPPERFIX_DCC_SBVCHP-SRORC_R1234zeZ_R134a_seed042_20260716T105954Z,
S0WRAPPERFIX_DCC_SRVCHP-SRORC_R601_R134a_seed042_20260716T105954Z,S0WRAPPERFIX,DC-C,SRVCHP_SRORC,R601,R134a,42,FINISHED,0,38.67851972579956,${CBSIM_RUNS_ROOT}/S0_REMEDIATION/BATCH_S0WRAPPERFIX_20260716T105954Z/runs/S0WRAPPERFIX_DCC_SRVCHP-SRORC_R601_R134a_seed042_20260716T105954Z,
S0WRAPPERFIX_DCC_SBVCHP-SRORC_R245fa_R134a_seed042_20260716T105954Z,S0WRAPPERFIX,DC-C,SBVCHP_SRORC,R245fa,R134a,42,FINISHED,0,38.932862997055054,${CBSIM_RUNS_ROOT}/S0_REMEDIATION/BATCH_S0WRAPPERFIX_20260716T105954Z/runs/S0WRAPPERFIX_DCC_SBVCHP-SRORC_R245fa_R134a_seed042_20260716T105954Z,
S0WRAPPERFIX_DCC_SBVCHP-SRORC_R600_R134a_seed042_20260716T105954Z,S0WRAPPERFIX,DC-C,SBVCHP_SRORC,R600,R134a,42,FINISHED,0,38.911212682724,${CBSIM_RUNS_ROOT}/S0_REMEDIATION/BATCH_S0WRAPPERFIX_20260716T105954Z/runs/S0WRAPPERFIX_DCC_SBVCHP-SRORC_R600_R134a_seed042_20260716T105954Z,
S0WRAPPERFIX_DCC_SBVCHP-SRORC_R1233zdE_R134a_seed042_20260716T105954Z,S0WRAPPERFIX,DC-C,SBVCHP_SRORC,R1233zd(E),R134a,42,FINISHED,0,39.17845153808594,${CBSIM_RUNS_ROOT}/S0_REMEDIATION/BATCH_S0WRAPPERFIX_20260716T105954Z/runs/S0WRAPPERFIX_DCC_SBVCHP-SRORC_R1233zdE_R134a_seed042_20260716T105954Z,
S0WRAPPERFIX_DCC_SRVCHP-SRORC_R1233zdE_R134a_seed042_20260716T105954Z,S0WRAPPERFIX,DC-C,SRVCHP_SRORC,R1233zd(E),R134a,42,FINISHED,0,39.585230588912964,${CBSIM_RUNS_ROOT}/S0_REMEDIATION/BATCH_S0WRAPPERFIX_20260716T105954Z/runs/S0WRAPPERFIX_DCC_SRVCHP-SRORC_R1233zdE_R134a_seed042_20260716T105954Z,
S0WRAPPERFIX_DCC_SRVCHP-SRORC_R245fa_R134a_seed042_20260716T105954Z,S0WRAPPERFIX,DC-C,SRVCHP_SRORC,R245fa,R134a,42,FINISHED,0,39.566375494003296,${CBSIM_RUNS_ROOT}/S0_REMEDIATION/BATCH_S0WRAPPERFIX_20260716T105954Z/runs/S0WRAPPERFIX_DCC_SRVCHP-SRORC_R245fa_R134a_seed042_20260716T105954Z,
S0WRAPPERFIX_DCC_SRVCHP-SRORC_R600_R134a_seed042_20260716T105954Z,S0WRAPPERFIX,DC-C,SRVCHP_SRORC,R600,R134a,42,FINISHED,0,39.542967796325684,${CBSIM_RUNS_ROOT}/S0_REMEDIATION/BATCH_S0WRAPPERFIX_20260716T105954Z/runs/S0WRAPPERFIX_DCC_SRVCHP-SRORC_R600_R134a_seed042_20260716T105954Z,
S0WRAPPERFIX_DCD_SBVCHP-SRORC_R1233zdE_R290_seed042_20260716T105954Z,S0WRAPPERFIX,DC-D,SBVCHP_SRORC,R1233zd(E),R290,42,FINISHED,0,3.2035961151123047,${CBSIM_RUNS_ROOT}/S0_REMEDIATION/BATCH_S0WRAPPERFIX_20260716T105954Z/runs/S0WRAPPERFIX_DCD_SBVCHP-SRORC_R1233zdE_R290_seed042_20260716T105954Z,
S0WRAPPERFIX_DCD_SRVCHP-SRORC_R1233zdE_R290_seed042_20260716T105954Z,S0WRAPPERFIX,DC-D,SRVCHP_SRORC,R1233zd(E),R290,42,FINISHED,0,3.0031445026397705,${CBSIM_RUNS_ROOT}/S0_REMEDIATION/BATCH_S0WRAPPERFIX_20260716T105954Z/runs/S0WRAPPERFIX_DCD_SRVCHP-SRORC_R1233zdE_R290_seed042_20260716T105954Z,
S0WRAPPERFIX_DCD_SRVCHP-SRORC_R1233zdE_R134a_seed042_20260716T105954Z,S0WRAPPERFIX,DC-D,SRVCHP_SRORC,R1233zd(E),R134a,42,FINISHED,0,28.86250948905945,${CBSIM_RUNS_ROOT}/S0_REMEDIATION/BATCH_S0WRAPPERFIX_20260716T105954Z/runs/S0WRAPPERFIX_DCD_SRVCHP-SRORC_R1233zdE_R134a_seed042_20260716T105954Z,
S0WRAPPERFIX_DCD_SBVCHP-SRORC_R1233zdE_R134a_seed042_20260716T105954Z,S0WRAPPERFIX,DC-D,SBVCHP_SRORC,R1233zd(E),R134a,42,FINISHED,0,29.29282259941101,${CBSIM_RUNS_ROOT}/S0_REMEDIATION/BATCH_S0WRAPPERFIX_20260716T105954Z/runs/S0WRAPPERFIX_DCD_SBVCHP-SRORC_R1233zdE_R134a_seed042_20260716T105954Z,
S0WRAPPERFIX_DCD_SBVCHP-SRORC_R245fa_R290_seed042_20260716T105954Z,S0WRAPPERFIX,DC-D,SBVCHP_SRORC,R245fa,R290,42,FINISHED,0,3.003180742263794,${CBSIM_RUNS_ROOT}/S0_REMEDIATION/BATCH_S0WRAPPERFIX_20260716T105954Z/runs/S0WRAPPERFIX_DCD_SBVCHP-SRORC_R245fa_R290_seed042_20260716T105954Z,
S0WRAPPERFIX_DCD_SBVCHP-SRORC_R245fa_R134a_seed042_20260716T105954Z,S0WRAPPERFIX,DC-D,SBVCHP_SRORC,R245fa,R134a,42,FINISHED,0,28.880480527877808,${CBSIM_RUNS_ROOT}/S0_REMEDIATION/BATCH_S0WRAPPERFIX_20260716T105954Z/runs/S0WRAPPERFIX_DCD_SBVCHP-SRORC_R245fa_R134a_seed042_20260716T105954Z,
S0WRAPPERFIX_DCD_SRVCHP-SRORC_R245fa_R290_seed042_20260716T105954Z,S0WRAPPERFIX,DC-D,SRVCHP_SRORC,R245fa,R290,42,FINISHED,0,3.023125648498535,${CBSIM_RUNS_ROOT}/S0_REMEDIATION/BATCH_S0WRAPPERFIX_20260716T105954Z/runs/S0WRAPPERFIX_DCD_SRVCHP-SRORC_R245fa_R290_seed042_20260716T105954Z,
S0WRAPPERFIX_DCC_SRVCHP-SRORC_R1234zeZ_R134a_seed042_20260716T105954Z,S0WRAPPERFIX,DC-C,SRVCHP_SRORC,R1234ze(Z),R134a,42,FINISHED,0,39.834487438201904,${CBSIM_RUNS_ROOT}/S0_REMEDIATION/BATCH_S0WRAPPERFIX_20260716T105954Z/runs/S0WRAPPERFIX_DCC_SRVCHP-SRORC_R1234zeZ_R134a_seed042_20260716T105954Z,
S0WRAPPERFIX_DCC_SBVCHP-SRORC_Acetone_R134a_seed042_20260716T105954Z,S0WRAPPERFIX,DC-C,SBVCHP_SRORC,Acetone,R134a,42,FINISHED,0,38.980379819869995,${CBSIM_RUNS_ROOT}/S0_REMEDIATION/BATCH_S0WRAPPERFIX_20260716T105954Z/runs/S0WRAPPERFIX_DCC_SBVCHP-SRORC_Acetone_R134a_seed042_20260716T105954Z,
S0WRAPPERFIX_DCC_SBVCHP-SRORC_Cyclopentane_R134a_seed042_20260716T105954Z,S0WRAPPERFIX,DC-C,SBVCHP_SRORC,Cyclopentane,R134a,42,FINISHED,0,39.83254551887512,${CBSIM_RUNS_ROOT}/S0_REMEDIATION/BATCH_S0WRAPPERFIX_20260716T105954Z/runs/S0WRAPPERFIX_DCC_SBVCHP-SRORC_Cyclopentane_R134a_seed042_20260716T105954Z,
S0WRAPPERFIX_DCC_SRVCHP-SRORC_R365MFC_R134a_seed042_20260716T105954Z,S0WRAPPERFIX,DC-C,SRVCHP_SRORC,R365MFC,R134a,42,FINISHED,0,40.25505447387695,${CBSIM_RUNS_ROOT}/S0_REMEDIATION/BATCH_S0WRAPPERFIX_20260716T105954Z/runs/S0WRAPPERFIX_DCC_SRVCHP-SRORC_R365MFC_R134a_seed042_20260716T105954Z,
S0WRAPPERFIX_DCC_SRVCHP-SRORC_Cyclopentane_R134a_seed042_20260716T105954Z,S0WRAPPERFIX,DC-C,SRVCHP_SRORC,Cyclopentane,R134a,42,FINISHED,0,40.0274543762207,${CBSIM_RUNS_ROOT}/S0_REMEDIATION/BATCH_S0WRAPPERFIX_20260716T105954Z/runs/S0WRAPPERFIX_DCC_SRVCHP-SRORC_Cyclopentane_R134a_seed042_20260716T105954Z,
S0WRAPPERFIX_DCD_SBVCHP-SRORC_R600_R290_seed042_20260716T105954Z,S0WRAPPERFIX,DC-D,SBVCHP_SRORC,R600,R290,42,FINISHED,0,3.2501771450042725,${CBSIM_RUNS_ROOT}/S0_REMEDIATION/BATCH_S0WRAPPERFIX_20260716T105954Z/runs/S0WRAPPERFIX_DCD_SBVCHP-SRORC_R600_R290_seed042_20260716T105954Z,
S0WRAPPERFIX_DCD_SRVCHP-SRORC_R600_R290_seed042_20260716T105954Z,S0WRAPPERFIX,DC-D,SRVCHP_SRORC,R600,R290,42,FINISHED,0,3.240231990814209,${CBSIM_RUNS_ROOT}/S0_REMEDIATION/BATCH_S0WRAPPERFIX_20260716T105954Z/runs/S0WRAPPERFIX_DCD_SRVCHP-SRORC_R600_R290_seed042_20260716T105954Z,
S0WRAPPERFIX_DCD_SRVCHP-SRORC_R601_R290_seed042_20260716T105954Z,S0WRAPPERFIX,DC-D,SRVCHP_SRORC,R601,R290,42,FINISHED,0,3.2344489097595215,${CBSIM_RUNS_ROOT}/S0_REMEDIATION/BATCH_S0WRAPPERFIX_20260716T105954Z/runs/S0WRAPPERFIX_DCD_SRVCHP-SRORC_R601_R290_seed042_20260716T105954Z,
S0WRAPPERFIX_DCD_SRVCHP-SRORC_R601a_R290_seed042_20260716T105954Z,S0WRAPPERFIX,DC-D,SRVCHP_SRORC,R601a,R290,42,FINISHED,0,2.8241851329803467,${CBSIM_RUNS_ROOT}/S0_REMEDIATION/BATCH_S0WRAPPERFIX_20260716T105954Z/runs/S0WRAPPERFIX_DCD_SRVCHP-SRORC_R601a_R290_seed042_20260716T105954Z,
S0WRAPPERFIX_DCD_SBVCHP-SRORC_R1234zeZ_R290_seed042_20260716T105954Z,S0WRAPPERFIX,DC-D,SBVCHP_SRORC,R1234ze(Z),R290,42,FINISHED,0,2.803295612335205,${CBSIM_RUNS_ROOT}/S0_REMEDIATION/BATCH_S0WRAPPERFIX_20260716T105954Z/runs/S0WRAPPERFIX_DCD_SBVCHP-SRORC_R1234zeZ_R290_seed042_20260716T105954Z,
S0WRAPPERFIX_DCD_SRVCHP-SRORC_R1234zeZ_R290_seed042_20260716T105954Z,S0WRAPPERFIX,DC-D,SRVCHP_SRORC,R1234ze(Z),R290,42,FINISHED,0,3.003908634185791,${CBSIM_RUNS_ROOT}/S0_REMEDIATION/BATCH_S0WRAPPERFIX_20260716T105954Z/runs/S0WRAPPERFIX_DCD_SRVCHP-SRORC_R1234zeZ_R290_seed042_20260716T105954Z,
S0WRAPPERFIX_DCD_SRVCHP-SRORC_R245fa_R134a_seed042_20260716T105954Z,S0WRAPPERFIX,DC-D,SRVCHP_SRORC,R245fa,R134a,42,FINISHED,0,30.21228551864624,${CBSIM_RUNS_ROOT}/S0_REMEDIATION/BATCH_S0WRAPPERFIX_20260716T105954Z/runs/S0WRAPPERFIX_DCD_SRVCHP-SRORC_R245fa_R134a_seed042_20260716T105954Z,
S0WRAPPERFIX_DCD_SRVCHP-SRORC_R365MFC_R290_seed042_20260716T105954Z,S0WRAPPERFIX,DC-D,SRVCHP_SRORC,R365MFC,R290,42,FINISHED,0,3.2031428813934326,${CBSIM_RUNS_ROOT}/S0_REMEDIATION/BATCH_S0WRAPPERFIX_20260716T105954Z/runs/S0WRAPPERFIX_DCD_SRVCHP-SRORC_R365MFC_R290_seed042_20260716T105954Z,
S0WRAPPERFIX_DCD_SBVCHP-SRORC_R600_R134a_seed042_20260716T105954Z,S0WRAPPERFIX,DC-D,SBVCHP_SRORC,R600,R134a,42,FINISHED,0,29.78828454017639,${CBSIM_RUNS_ROOT}/S0_REMEDIATION/BATCH_S0WRAPPERFIX_20260716T105954Z/runs/S0WRAPPERFIX_DCD_SBVCHP-SRORC_R600_R134a_seed042_20260716T105954Z,
S0WRAPPERFIX_DCD_SRVCHP-SRORC_R600_R134a_seed042_20260716T105954Z,S0WRAPPERFIX,DC-D,SRVCHP_SRORC,R600,R134a,42,FINISHED,0,29.987829208374023,${CBSIM_RUNS_ROOT}/S0_REMEDIATION/BATCH_S0WRAPPERFIX_20260716T105954Z/runs/S0WRAPPERFIX_DCD_SRVCHP-SRORC_R600_R134a_seed042_20260716T105954Z,
S0WRAPPERFIX_DCD_SBVCHP-SRORC_Cyclopentane_R290_seed042_20260716T105954Z,S0WRAPPERFIX,DC-D,SBVCHP_SRORC,Cyclopentane,R290,42,FINISHED,0,3.0043623447418213,${CBSIM_RUNS_ROOT}/S0_REMEDIATION/BATCH_S0WRAPPERFIX_20260716T105954Z/runs/S0WRAPPERFIX_DCD_SBVCHP-SRORC_Cyclopentane_R290_seed042_20260716T105954Z,
S0WRAPPERFIX_DCD_SRVCHP-SRORC_R601a_R134a_seed042_20260716T105954Z,S0WRAPPERFIX,DC-D,SRVCHP_SRORC,R601a,R134a,42,FINISHED,0,29.56566309928894,${CBSIM_RUNS_ROOT}/S0_REMEDIATION/BATCH_S0WRAPPERFIX_20260716T105954Z/runs/S0WRAPPERFIX_DCD_SRVCHP-SRORC_R601a_R134a_seed042_20260716T105954Z,
S0WRAPPERFIX_DCD_SRVCHP-SRORC_R601_R134a_seed042_20260716T105954Z,S0WRAPPERFIX,DC-D,SRVCHP_SRORC,R601,R134a,42,FINISHED,0,30.52588200569153,${CBSIM_RUNS_ROOT}/S0_REMEDIATION/BATCH_S0WRAPPERFIX_20260716T105954Z/runs/S0WRAPPERFIX_DCD_SRVCHP-SRORC_R601_R134a_seed042_20260716T105954Z,
S0WRAPPERFIX_DCD_SRVCHP-SRORC_Cyclopentane_R290_seed042_20260716T105954Z,S0WRAPPERFIX,DC-D,SRVCHP_SRORC,Cyclopentane,R290,42,FINISHED,0,2.9557759761810303,${CBSIM_RUNS_ROOT}/S0_REMEDIATION/BATCH_S0WRAPPERFIX_20260716T105954Z/runs/S0WRAPPERFIX_DCD_SRVCHP-SRORC_Cyclopentane_R290_seed042_20260716T105954Z,
S0WRAPPERFIX_DCD_SBVCHP-SRORC_R1234zeZ_R134a_seed042_20260716T105954Z,S0WRAPPERFIX,DC-D,SBVCHP_SRORC,R1234ze(Z),R134a,42,FINISHED,0,30.50764012336731,${CBSIM_RUNS_ROOT}/S0_REMEDIATION/BATCH_S0WRAPPERFIX_20260716T105954Z/runs/S0WRAPPERFIX_DCD_SBVCHP-SRORC_R1234zeZ_R134a_seed042_20260716T105954Z,
S0WRAPPERFIX_DCD_SRVCHP-SRORC_R1234zeZ_R134a_seed042_20260716T105954Z,S0WRAPPERFIX,DC-D,SRVCHP_SRORC,R1234ze(Z),R134a,42,FINISHED,0,30.314258098602295,${CBSIM_RUNS_ROOT}/S0_REMEDIATION/BATCH_S0WRAPPERFIX_20260716T105954Z/runs/S0WRAPPERFIX_DCD_SRVCHP-SRORC_R1234zeZ_R134a_seed042_20260716T105954Z,
S0WRAPPERFIX_DCD_SRVCHP-SRORC_R365MFC_R134a_seed042_20260716T105954Z,S0WRAPPERFIX,DC-D,SRVCHP_SRORC,R365MFC,R134a,42,FINISHED,0,29.491576671600342,${CBSIM_RUNS_ROOT}/S0_REMEDIATION/BATCH_S0WRAPPERFIX_20260716T105954Z/runs/S0WRAPPERFIX_DCD_SRVCHP-SRORC_R365MFC_R134a_seed042_20260716T105954Z,
S0WRAPPERFIX_DCD_SBVCHP-SRORC_Cyclopentane_R134a_seed042_20260716T105954Z,S0WRAPPERFIX,DC-D,SBVCHP_SRORC,Cyclopentane,R134a,42,FINISHED,0,29.481237649917603,${CBSIM_RUNS_ROOT}/S0_REMEDIATION/BATCH_S0WRAPPERFIX_20260716T105954Z/runs/S0WRAPPERFIX_DCD_SBVCHP-SRORC_Cyclopentane_R134a_seed042_20260716T105954Z,
S0WRAPPERFIX_DCD_SRVCHP-SRORC_Cyclopentane_R134a_seed042_20260716T105954Z,S0WRAPPERFIX,DC-D,SRVCHP_SRORC,Cyclopentane,R134a,42,FINISHED,0,30.08432388305664,${CBSIM_RUNS_ROOT}/S0_REMEDIATION/BATCH_S0WRAPPERFIX_20260716T105954Z/runs/S0WRAPPERFIX_DCD_SRVCHP-SRORC_Cyclopentane_R134a_seed042_20260716T105954Z,
S0WRAPPERFIX_DCE_SBVCHP-SRORC_R1233zdE_R134a_seed042_20260716T105954Z,S0WRAPPERFIX,DC-E,SBVCHP_SRORC,R1233zd(E),R134a,42,FINISHED,0,40.74631905555725,${CBSIM_RUNS_ROOT}/S0_REMEDIATION/BATCH_S0WRAPPERFIX_20260716T105954Z/runs/S0WRAPPERFIX_DCE_SBVCHP-SRORC_R1233zdE_R134a_seed042_20260716T105954Z,
S0WRAPPERFIX_DCE_SRVCHP-SRORC_R1233zdE_R134a_seed042_20260716T105954Z,S0WRAPPERFIX,DC-E,SRVCHP_SRORC,R1233zd(E),R134a,42,FINISHED,0,40.538710832595825,${CBSIM_RUNS_ROOT}/S0_REMEDIATION/BATCH_S0WRAPPERFIX_20260716T105954Z/runs/S0WRAPPERFIX_DCE_SRVCHP-SRORC_R1233zdE_R134a_seed042_20260716T105954Z,
S0WRAPPERFIX_DCE_SBVCHP-SRORC_R1233zdE_R152A_seed042_20260716T105954Z,S0WRAPPERFIX,DC-E,SBVCHP_SRORC,R1233zd(E),R152A,42,FINISHED,0,41.13671851158142,${CBSIM_RUNS_ROOT}/S0_REMEDIATION/BATCH_S0WRAPPERFIX_20260716T105954Z/runs/S0WRAPPERFIX_DCE_SBVCHP-SRORC_R1233zdE_R152A_seed042_20260716T105954Z,
S0WRAPPERFIX_DCE_SRVCHP-SRORC_R601_R134a_seed042_20260716T105954Z,S0WRAPPERFIX,DC-E,SRVCHP_SRORC,R601,R134a,42,FINISHED,0,40.53347992897034,${CBSIM_RUNS_ROOT}/S0_REMEDIATION/BATCH_S0WRAPPERFIX_20260716T105954Z/runs/S0WRAPPERFIX_DCE_SRVCHP-SRORC_R601_R134a_seed042_20260716T105954Z,
S0WRAPPERFIX_DCE_SRVCHP-SRORC_R1233zdE_R152A_seed042_20260716T105954Z,S0WRAPPERFIX,DC-E,SRVCHP_SRORC,R1233zd(E),R152A,42,FINISHED,0,42.15809917449951,${CBSIM_RUNS_ROOT}/S0_REMEDIATION/BATCH_S0WRAPPERFIX_20260716T105954Z/runs/S0WRAPPERFIX_DCE_SRVCHP-SRORC_R1233zdE_R152A_seed042_20260716T105954Z,
S0WRAPPERFIX_DCE_SRVCHP-SRORC_R601_R152A_seed042_20260716T105954Z,S0WRAPPERFIX,DC-E,SRVCHP_SRORC,R601,R152A,42,FINISHED,0,40.55272030830383,${CBSIM_RUNS_ROOT}/S0_REMEDIATION/BATCH_S0WRAPPERFIX_20260716T105954Z/runs/S0WRAPPERFIX_DCE_SRVCHP-SRORC_R601_R152A_seed042_20260716T105954Z,
S0WRAPPERFIX_DCE_SRVCHP-SRORC_R601a_R134a_seed042_20260716T105954Z,S0WRAPPERFIX,DC-E,SRVCHP_SRORC,R601a,R134a,42,FINISHED,0,39.15115928649902,${CBSIM_RUNS_ROOT}/S0_REMEDIATION/BATCH_S0WRAPPERFIX_20260716T105954Z/runs/S0WRAPPERFIX_DCE_SRVCHP-SRORC_R601a_R134a_seed042_20260716T105954Z,
S0WRAPPERFIX_DCE_SBVCHP-SBORC_CycloHexane_R1234zeE_seed042_20260716T105954Z,S0WRAPPERFIX,DC-E,SBVCHP_SBORC,CycloHexane,R1234ze(E),42,FINISHED,0,2.2025582790374756,${CBSIM_RUNS_ROOT}/S0_REMEDIATION/BATCH_S0WRAPPERFIX_20260716T105954Z/runs/S0WRAPPERFIX_DCE_SBVCHP-SBORC_CycloHexane_R1234zeE_seed042_20260716T105954Z,
S0WRAPPERFIX_DCE_SRVCHP-SRORC_R601a_R152A_seed042_20260716T105954Z,S0WRAPPERFIX,DC-E,SRVCHP_SRORC,R601a,R152A,42,FINISHED,0,40.370331048965454,${CBSIM_RUNS_ROOT}/S0_REMEDIATION/BATCH_S0WRAPPERFIX_20260716T105954Z/runs/S0WRAPPERFIX_DCE_SRVCHP-SRORC_R601a_R152A_seed042_20260716T105954Z,
S0WRAPPERFIX_DCE_SBVCHP-SRORC_CycloHexane_R1234zeE_seed042_20260716T105954Z,S0WRAPPERFIX,DC-E,SBVCHP_SRORC,CycloHexane,R1234ze(E),42,FINISHED,0,2.2026565074920654,${CBSIM_RUNS_ROOT}/S0_REMEDIATION/BATCH_S0WRAPPERFIX_20260716T105954Z/runs/S0WRAPPERFIX_DCE_SBVCHP-SRORC_CycloHexane_R1234zeE_seed042_20260716T105954Z,
S0WRAPPERFIX_DCE_SRVCHP-SBORC_CycloHexane_R1234zeE_seed042_20260716T105954Z,S0WRAPPERFIX,DC-E,SRVCHP_SBORC,CycloHexane,R1234ze(E),42,FINISHED,0,2.2026970386505127,${CBSIM_RUNS_ROOT}/S0_REMEDIATION/BATCH_S0WRAPPERFIX_20260716T105954Z/runs/S0WRAPPERFIX_DCE_SRVCHP-SBORC_CycloHexane_R1234zeE_seed042_20260716T105954Z,
S0WRAPPERFIX_DCE_SRVCHP-SRORC_CycloHexane_R1234zeE_seed042_20260716T105954Z,S0WRAPPERFIX,DC-E,SRVCHP_SRORC,CycloHexane,R1234ze(E),42,FINISHED,0,2.427396774291992,${CBSIM_RUNS_ROOT}/S0_REMEDIATION/BATCH_S0WRAPPERFIX_20260716T105954Z/runs/S0WRAPPERFIX_DCE_SRVCHP-SRORC_CycloHexane_R1234zeE_seed042_20260716T105954Z,
S0WRAPPERFIX_DCE_SBVCHP-SBORC_CycloHexane_R227EA_seed042_20260716T105954Z,S0WRAPPERFIX,DC-E,SBVCHP_SBORC,CycloHexane,R227EA,42,FINISHED,0,2.4126603603363037,${CBSIM_RUNS_ROOT}/S0_REMEDIATION/BATCH_S0WRAPPERFIX_20260716T105954Z/runs/S0WRAPPERFIX_DCE_SBVCHP-SBORC_CycloHexane_R227EA_seed042_20260716T105954Z,
S0WRAPPERFIX_DCE_SBVCHP-SRORC_CycloHexane_R227EA_seed042_20260716T105954Z,S0WRAPPERFIX,DC-E,SBVCHP_SRORC,CycloHexane,R227EA,42,FINISHED,0,2.4146249294281006,${CBSIM_RUNS_ROOT}/S0_REMEDIATION/BATCH_S0WRAPPERFIX_20260716T105954Z/runs/S0WRAPPERFIX_DCE_SBVCHP-SRORC_CycloHexane_R227EA_seed042_20260716T105954Z,
S0WRAPPERFIX_DCE_SRVCHP-SBORC_CycloHexane_R227EA_seed042_20260716T105954Z,S0WRAPPERFIX,DC-E,SRVCHP_SBORC,CycloHexane,R227EA,42,FINISHED,0,2.2126359939575195,${CBSIM_RUNS_ROOT}/S0_REMEDIATION/BATCH_S0WRAPPERFIX_20260716T105954Z/runs/S0WRAPPERFIX_DCE_SRVCHP-SBORC_CycloHexane_R227EA_seed042_20260716T105954Z,
S0WRAPPERFIX_DCE_SBVCHP-SBORC_CycloHexane_R134a_seed042_20260716T105954Z,S0WRAPPERFIX,DC-E,SBVCHP_SBORC,CycloHexane,R134a,42,FINISHED,0,2.2131597995758057,${CBSIM_RUNS_ROOT}/S0_REMEDIATION/BATCH_S0WRAPPERFIX_20260716T105954Z/runs/S0WRAPPERFIX_DCE_SBVCHP-SBORC_CycloHexane_R134a_seed042_20260716T105954Z,
S0WRAPPERFIX_DCE_SRVCHP-SRORC_CycloHexane_R227EA_seed042_20260716T105954Z,S0WRAPPERFIX,DC-E,SRVCHP_SRORC,CycloHexane,R227EA,42,FINISHED,0,2.211773633956909,${CBSIM_RUNS_ROOT}/S0_REMEDIATION/BATCH_S0WRAPPERFIX_20260716T105954Z/runs/S0WRAPPERFIX_DCE_SRVCHP-SRORC_CycloHexane_R227EA_seed042_20260716T105954Z,
S0WRAPPERFIX_DCE_SBVCHP-SRORC_CycloHexane_R134a_seed042_20260716T105954Z,S0WRAPPERFIX,DC-E,SBVCHP_SRORC,CycloHexane,R134a,42,FINISHED,0,2.2178847789764404,${CBSIM_RUNS_ROOT}/S0_REMEDIATION/BATCH_S0WRAPPERFIX_20260716T105954Z/runs/S0WRAPPERFIX_DCE_SBVCHP-SRORC_CycloHexane_R134a_seed042_20260716T105954Z,
S0WRAPPERFIX_DCE_SRVCHP-SBORC_CycloHexane_R134a_seed042_20260716T105954Z,S0WRAPPERFIX,DC-E,SRVCHP_SBORC,CycloHexane,R134a,42,FINISHED,0,2.4141225814819336,${CBSIM_RUNS_ROOT}/S0_REMEDIATION/BATCH_S0WRAPPERFIX_20260716T105954Z/runs/S0WRAPPERFIX_DCE_SRVCHP-SBORC_CycloHexane_R134a_seed042_20260716T105954Z,
S0WRAPPERFIX_DCE_SRVCHP-SRORC_CycloHexane_R134a_seed042_20260716T105954Z,S0WRAPPERFIX,DC-E,SRVCHP_SRORC,CycloHexane,R134a,42,FINISHED,0,2.4162466526031494,${CBSIM_RUNS_ROOT}/S0_REMEDIATION/BATCH_S0WRAPPERFIX_20260716T105954Z/runs/S0WRAPPERFIX_DCE_SRVCHP-SRORC_CycloHexane_R134a_seed042_20260716T105954Z,
S0WRAPPERFIX_DCE_SBVCHP-SBORC_CycloHexane_R152A_seed042_20260716T105954Z,S0WRAPPERFIX,DC-E,SBVCHP_SBORC,CycloHexane,R152A,42,FINISHED,0,2.211690664291382,${CBSIM_RUNS_ROOT}/S0_REMEDIATION/BATCH_S0WRAPPERFIX_20260716T105954Z/runs/S0WRAPPERFIX_DCE_SBVCHP-SBORC_CycloHexane_R152A_seed042_20260716T105954Z,
S0WRAPPERFIX_DCE_SRVCHP-SBORC_CycloHexane_R152A_seed042_20260716T105954Z,S0WRAPPERFIX,DC-E,SRVCHP_SBORC,CycloHexane,R152A,42,FINISHED,0,2.412407875061035,${CBSIM_RUNS_ROOT}/S0_REMEDIATION/BATCH_S0WRAPPERFIX_20260716T105954Z/runs/S0WRAPPERFIX_DCE_SRVCHP-SBORC_CycloHexane_R152A_seed042_20260716T105954Z,
S0WRAPPERFIX_DCE_SRVCHP-SRORC_R365MFC_R134a_seed042_20260716T105954Z,S0WRAPPERFIX,DC-E,SRVCHP_SRORC,R365MFC,R134a,42,FINISHED,0,40.523603200912476,${CBSIM_RUNS_ROOT}/S0_REMEDIATION/BATCH_S0WRAPPERFIX_20260716T105954Z/runs/S0WRAPPERFIX_DCE_SRVCHP-SRORC_R365MFC_R134a_seed042_20260716T105954Z,
S0WRAPPERFIX_DCE_SBVCHP-SRORC_CycloHexane_R152A_seed042_20260716T105954Z,S0WRAPPERFIX,DC-E,SBVCHP_SRORC,CycloHexane,R152A,42,FINISHED,0,2.2363064289093018,${CBSIM_RUNS_ROOT}/S0_REMEDIATION/BATCH_S0WRAPPERFIX_20260716T105954Z/runs/S0WRAPPERFIX_DCE_SBVCHP-SRORC_CycloHexane_R152A_seed042_20260716T105954Z,
S0WRAPPERFIX_DCE_SRVCHP-SRORC_CycloHexane_R152A_seed042_20260716T105954Z,S0WRAPPERFIX,DC-E,SRVCHP_SRORC,CycloHexane,R152A,42,FINISHED,0,2.4281833171844482,${CBSIM_RUNS_ROOT}/S0_REMEDIATION/BATCH_S0WRAPPERFIX_20260716T105954Z/runs/S0WRAPPERFIX_DCE_SRVCHP-SRORC_CycloHexane_R152A_seed042_20260716T105954Z,
S0WRAPPERFIX_DCE_SRVCHP-SRORC_R365MFC_R152A_seed042_20260716T105954Z,S0WRAPPERFIX,DC-E,SRVCHP_SRORC,R365MFC,R152A,42,FINISHED,0,41.95242738723755,${CBSIM_RUNS_ROOT}/S0_REMEDIATION/BATCH_S0WRAPPERFIX_20260716T105954Z/runs/S0WRAPPERFIX_DCE_SRVCHP-SRORC_R365MFC_R152A_seed042_20260716T105954Z,
S0WRAPPERFIX_DCE_SBVCHP-SBORC_CycloHexane_R1234yf_seed042_20260716T105954Z,S0WRAPPERFIX,DC-E,SBVCHP_SBORC,CycloHexane,R1234yf,42,FINISHED,0,2.4362752437591553,${CBSIM_RUNS_ROOT}/S0_REMEDIATION/BATCH_S0WRAPPERFIX_20260716T105954Z/runs/S0WRAPPERFIX_DCE_SBVCHP-SBORC_CycloHexane_R1234yf_seed042_20260716T105954Z,
S0WRAPPERFIX_DCE_SBVCHP-SRORC_Cyclopentane_R134a_seed042_20260716T105954Z,S0WRAPPERFIX,DC-E,SBVCHP_SRORC,Cyclopentane,R134a,42,FINISHED,0,41.36395621299744,${CBSIM_RUNS_ROOT}/S0_REMEDIATION/BATCH_S0WRAPPERFIX_20260716T105954Z/runs/S0WRAPPERFIX_DCE_SBVCHP-SRORC_Cyclopentane_R134a_seed042_20260716T105954Z,
S0WRAPPERFIX_DCE_SBVCHP-SRORC_CycloHexane_R1234yf_seed042_20260716T105954Z,S0WRAPPERFIX,DC-E,SBVCHP_SRORC,CycloHexane,R1234yf,42,FINISHED,0,2.449573278427124,${CBSIM_RUNS_ROOT}/S0_REMEDIATION/BATCH_S0WRAPPERFIX_20260716T105954Z/runs/S0WRAPPERFIX_DCE_SBVCHP-SRORC_CycloHexane_R1234yf_seed042_20260716T105954Z,
S0WRAPPERFIX_DCE_SRVCHP-SRORC_Cyclopentane_R134a_seed042_20260716T105954Z,S0WRAPPERFIX,DC-E,SRVCHP_SRORC,Cyclopentane,R134a,42,FINISHED,0,40.56846237182617,${CBSIM_RUNS_ROOT}/S0_REMEDIATION/BATCH_S0WRAPPERFIX_20260716T105954Z/runs/S0WRAPPERFIX_DCE_SRVCHP-SRORC_Cyclopentane_R134a_seed042_20260716T105954Z,
S0WRAPPERFIX_DCE_SRVCHP-SBORC_CycloHexane_R1234yf_seed042_20260716T105954Z,S0WRAPPERFIX,DC-E,SRVCHP_SBORC,CycloHexane,R1234yf,42,FINISHED,0,2.666837453842163,${CBSIM_RUNS_ROOT}/S0_REMEDIATION/BATCH_S0WRAPPERFIX_20260716T105954Z/runs/S0WRAPPERFIX_DCE_SRVCHP-SBORC_CycloHexane_R1234yf_seed042_20260716T105954Z,
S0WRAPPERFIX_DCE_SRVCHP-SRORC_CycloHexane_R1234yf_seed042_20260716T105954Z,S0WRAPPERFIX,DC-E,SRVCHP_SRORC,CycloHexane,R1234yf,42,FINISHED,0,2.4535439014434814,${CBSIM_RUNS_ROOT}/S0_REMEDIATION/BATCH_S0WRAPPERFIX_20260716T105954Z/runs/S0WRAPPERFIX_DCE_SRVCHP-SRORC_CycloHexane_R1234yf_seed042_20260716T105954Z,
S0WRAPPERFIX_DCE_SBVCHP-SRORC_CycloHexane_R290_seed042_20260716T105954Z,S0WRAPPERFIX,DC-E,SBVCHP_SRORC,CycloHexane,R290,42,FINISHED,0,2.8463470935821533,${CBSIM_RUNS_ROOT}/S0_REMEDIATION/BATCH_S0WRAPPERFIX_20260716T105954Z/runs/S0WRAPPERFIX_DCE_SBVCHP-SRORC_CycloHexane_R290_seed042_20260716T105954Z,
S0WRAPPERFIX_DCE_SBVCHP-SBORC_CycloHexane_R290_seed042_20260716T105954Z,S0WRAPPERFIX,DC-E,SBVCHP_SBORC,CycloHexane,R290,42,FINISHED,0,2.446171283721924,${CBSIM_RUNS_ROOT}/S0_REMEDIATION/BATCH_S0WRAPPERFIX_20260716T105954Z/runs/S0WRAPPERFIX_DCE_SBVCHP-SBORC_CycloHexane_R290_seed042_20260716T105954Z,
S0WRAPPERFIX_DCE_SRVCHP-SBORC_CycloHexane_R290_seed042_20260716T105954Z,S0WRAPPERFIX,DC-E,SRVCHP_SBORC,CycloHexane,R290,42,FINISHED,0,2.6532130241394043,${CBSIM_RUNS_ROOT}/S0_REMEDIATION/BATCH_S0WRAPPERFIX_20260716T105954Z/runs/S0WRAPPERFIX_DCE_SRVCHP-SBORC_CycloHexane_R290_seed042_20260716T105954Z,
S0WRAPPERFIX_DCE_SRVCHP-SRORC_CycloHexane_R290_seed042_20260716T105954Z,S0WRAPPERFIX,DC-E,SRVCHP_SRORC,CycloHexane,R290,42,FINISHED,0,2.6545169353485107,${CBSIM_RUNS_ROOT}/S0_REMEDIATION/BATCH_S0WRAPPERFIX_20260716T105954Z/runs/S0WRAPPERFIX_DCE_SRVCHP-SRORC_CycloHexane_R290_seed042_20260716T105954Z,
S0WRAPPERFIX_DCE_SBVCHP-SRORC_CycloHexane_R600a_seed042_20260716T105954Z,S0WRAPPERFIX,DC-E,SBVCHP_SRORC,CycloHexane,R600a,42,FINISHED,0,2.449218511581421,${CBSIM_RUNS_ROOT}/S0_REMEDIATION/BATCH_S0WRAPPERFIX_20260716T105954Z/runs/S0WRAPPERFIX_DCE_SBVCHP-SRORC_CycloHexane_R600a_seed042_20260716T105954Z,
S0WRAPPERFIX_DCE_SBVCHP-SRORC_Cyclopentane_R152A_seed042_20260716T105954Z,S0WRAPPERFIX,DC-E,SBVCHP_SRORC,Cyclopentane,R152A,42,FINISHED,0,42.83274435997009,${CBSIM_RUNS_ROOT}/S0_REMEDIATION/BATCH_S0WRAPPERFIX_20260716T105954Z/runs/S0WRAPPERFIX_DCE_SBVCHP-SRORC_Cyclopentane_R152A_seed042_20260716T105954Z,
S0WRAPPERFIX_DCE_SBVCHP-SBORC_CycloHexane_R600a_seed042_20260716T105954Z,S0WRAPPERFIX,DC-E,SBVCHP_SBORC,CycloHexane,R600a,42,FINISHED,0,2.6672990322113037,${CBSIM_RUNS_ROOT}/S0_REMEDIATION/BATCH_S0WRAPPERFIX_20260716T105954Z/runs/S0WRAPPERFIX_DCE_SBVCHP-SBORC_CycloHexane_R600a_seed042_20260716T105954Z,
S0WRAPPERFIX_DCE_SRVCHP-SRORC_CycloHexane_R600a_seed042_20260716T105954Z,S0WRAPPERFIX,DC-E,SRVCHP_SRORC,CycloHexane,R600a,42,FINISHED,0,2.8740110397338867,${CBSIM_RUNS_ROOT}/S0_REMEDIATION/BATCH_S0WRAPPERFIX_20260716T105954Z/runs/S0WRAPPERFIX_DCE_SRVCHP-SRORC_CycloHexane_R600a_seed042_20260716T105954Z,
S0WRAPPERFIX_DCE_SRVCHP-SBORC_CycloHexane_R600a_seed042_20260716T105954Z,S0WRAPPERFIX,DC-E,SRVCHP_SBORC,CycloHexane,R600a,42,FINISHED,0,2.8681273460388184,${CBSIM_RUNS_ROOT}/S0_REMEDIATION/BATCH_S0WRAPPERFIX_20260716T105954Z/runs/S0WRAPPERFIX_DCE_SRVCHP-SBORC_CycloHexane_R600a_seed042_20260716T105954Z,
S0WRAPPERFIX_DCE_SBVCHP-SBORC_CycloHexane_R600_seed042_20260716T105954Z,S0WRAPPERFIX,DC-E,SBVCHP_SBORC,CycloHexane,R600,42,FINISHED,0,2.8739206790924072,${CBSIM_RUNS_ROOT}/S0_REMEDIATION/BATCH_S0WRAPPERFIX_20260716T105954Z/runs/S0WRAPPERFIX_DCE_SBVCHP-SBORC_CycloHexane_R600_seed042_20260716T105954Z,
S0WRAPPERFIX_DCE_SBVCHP-SRORC_CycloHexane_R600_seed042_20260716T105954Z,S0WRAPPERFIX,DC-E,SBVCHP_SRORC,CycloHexane,R600,42,FINISHED,0,2.8734915256500244,${CBSIM_RUNS_ROOT}/S0_REMEDIATION/BATCH_S0WRAPPERFIX_20260716T105954Z/runs/S0WRAPPERFIX_DCE_SBVCHP-SRORC_CycloHexane_R600_seed042_20260716T105954Z,
S0WRAPPERFIX_DCE_SRVCHP-SBORC_CycloHexane_R600_seed042_20260716T105954Z,S0WRAPPERFIX,DC-E,SRVCHP_SBORC,CycloHexane,R600,42,FINISHED,0,3.0753910541534424,${CBSIM_RUNS_ROOT}/S0_REMEDIATION/BATCH_S0WRAPPERFIX_20260716T105954Z/runs/S0WRAPPERFIX_DCE_SRVCHP-SBORC_CycloHexane_R600_seed042_20260716T105954Z,
S0WRAPPERFIX_DCE_SRVCHP-SRORC_CycloHexane_R600_seed042_20260716T105954Z,S0WRAPPERFIX,DC-E,SRVCHP_SRORC,CycloHexane,R600,42,FINISHED,0,2.8646981716156006,${CBSIM_RUNS_ROOT}/S0_REMEDIATION/BATCH_S0WRAPPERFIX_20260716T105954Z/runs/S0WRAPPERFIX_DCE_SRVCHP-SRORC_CycloHexane_R600_seed042_20260716T105954Z,
S0WRAPPERFIX_DCE_SBVCHP-SBORC_CycloHexane_R245fa_seed042_20260716T105954Z,S0WRAPPERFIX,DC-E,SBVCHP_SBORC,CycloHexane,R245fa,42,FINISHED,0,2.850644588470459,${CBSIM_RUNS_ROOT}/S0_REMEDIATION/BATCH_S0WRAPPERFIX_20260716T105954Z/runs/S0WRAPPERFIX_DCE_SBVCHP-SBORC_CycloHexane_R245fa_seed042_20260716T105954Z,
S0WRAPPERFIX_DCE_SBVCHP-SRORC_CycloHexane_R245fa_seed042_20260716T105954Z,S0WRAPPERFIX,DC-E,SBVCHP_SRORC,CycloHexane,R245fa,42,FINISHED,0,2.875892162322998,${CBSIM_RUNS_ROOT}/S0_REMEDIATION/BATCH_S0WRAPPERFIX_20260716T105954Z/runs/S0WRAPPERFIX_DCE_SBVCHP-SRORC_CycloHexane_R245fa_seed042_20260716T105954Z,
S0WRAPPERFIX_DCE_SRVCHP-SBORC_CycloHexane_R245fa_seed042_20260716T105954Z,S0WRAPPERFIX,DC-E,SRVCHP_SBORC,CycloHexane,R245fa,42,FINISHED,0,2.8712289333343506,${CBSIM_RUNS_ROOT}/S0_REMEDIATION/BATCH_S0WRAPPERFIX_20260716T105954Z/runs/S0WRAPPERFIX_DCE_SRVCHP-SBORC_CycloHexane_R245fa_seed042_20260716T105954Z,
S0WRAPPERFIX_DCE_SRVCHP-SRORC_CycloHexane_R245fa_seed042_20260716T105954Z,S0WRAPPERFIX,DC-E,SRVCHP_SRORC,CycloHexane,R245fa,42,FINISHED,0,2.660731792449951,${CBSIM_RUNS_ROOT}/S0_REMEDIATION/BATCH_S0WRAPPERFIX_20260716T105954Z/runs/S0WRAPPERFIX_DCE_SRVCHP-SRORC_CycloHexane_R245fa_seed042_20260716T105954Z,
S0WRAPPERFIX_DCE_SBVCHP-SBORC_CycloHexane_R236ea_seed042_20260716T105954Z,S0WRAPPERFIX,DC-E,SBVCHP_SBORC,CycloHexane,R236ea,42,FINISHED,0,2.8737874031066895,${CBSIM_RUNS_ROOT}/S0_REMEDIATION/BATCH_S0WRAPPERFIX_20260716T105954Z/runs/S0WRAPPERFIX_DCE_SBVCHP-SBORC_CycloHexane_R236ea_seed042_20260716T105954Z,
S0WRAPPERFIX_DCE_SBVCHP-SRORC_CycloHexane_R236ea_seed042_20260716T105954Z,S0WRAPPERFIX,DC-E,SBVCHP_SRORC,CycloHexane,R236ea,42,FINISHED,0,2.6805758476257324,${CBSIM_RUNS_ROOT}/S0_REMEDIATION/BATCH_S0WRAPPERFIX_20260716T105954Z/runs/S0WRAPPERFIX_DCE_SBVCHP-SRORC_CycloHexane_R236ea_seed042_20260716T105954Z,
S0WRAPPERFIX_DCE_SRVCHP-SBORC_CycloHexane_R236ea_seed042_20260716T105954Z,S0WRAPPERFIX,DC-E,SRVCHP_SBORC,CycloHexane,R236ea,42,FINISHED,0,2.8880832195281982,${CBSIM_RUNS_ROOT}/S0_REMEDIATION/BATCH_S0WRAPPERFIX_20260716T105954Z/runs/S0WRAPPERFIX_DCE_SRVCHP-SBORC_CycloHexane_R236ea_seed042_20260716T105954Z,
S0WRAPPERFIX_DCE_SRVCHP-SRORC_CycloHexane_R236ea_seed042_20260716T105954Z,S0WRAPPERFIX,DC-E,SRVCHP_SRORC,CycloHexane,R236ea,42,FINISHED,0,2.8801040649414062,${CBSIM_RUNS_ROOT}/S0_REMEDIATION/BATCH_S0WRAPPERFIX_20260716T105954Z/runs/S0WRAPPERFIX_DCE_SRVCHP-SRORC_CycloHexane_R236ea_seed042_20260716T105954Z,
S0WRAPPERFIX_DCE_SBVCHP-SBORC_CycloHexane_R236fa_seed042_20260716T105954Z,S0WRAPPERFIX,DC-E,SBVCHP_SBORC,CycloHexane,R236fa,42,FINISHED,0,2.4809110164642334,${CBSIM_RUNS_ROOT}/S0_REMEDIATION/BATCH_S0WRAPPERFIX_20260716T105954Z/runs/S0WRAPPERFIX_DCE_SBVCHP-SBORC_CycloHexane_R236fa_seed042_20260716T105954Z,
S0WRAPPERFIX_DCE_SRVCHP-SRORC_Cyclopentane_R152A_seed042_20260716T105954Z,S0WRAPPERFIX,DC-E,SRVCHP_SRORC,Cyclopentane,R152A,42,FINISHED,0,43.85074162483215,${CBSIM_RUNS_ROOT}/S0_REMEDIATION/BATCH_S0WRAPPERFIX_20260716T105954Z/runs/S0WRAPPERFIX_DCE_SRVCHP-SRORC_Cyclopentane_R152A_seed042_20260716T105954Z,
S0WRAPPERFIX_DCE_SBVCHP-SRORC_CycloHexane_R236fa_seed042_20260716T105954Z,S0WRAPPERFIX,DC-E,SBVCHP_SRORC,CycloHexane,R236fa,42,FINISHED,0,2.717137336730957,${CBSIM_RUNS_ROOT}/S0_REMEDIATION/BATCH_S0WRAPPERFIX_20260716T105954Z/runs/S0WRAPPERFIX_DCE_SBVCHP-SRORC_CycloHexane_R236fa_seed042_20260716T105954Z,
S0WRAPPERFIX_DCE_SRVCHP-SBORC_CycloHexane_R236fa_seed042_20260716T105954Z,S0WRAPPERFIX,DC-E,SRVCHP_SBORC,CycloHexane,R236fa,42,FINISHED,0,2.7029294967651367,${CBSIM_RUNS_ROOT}/S0_REMEDIATION/BATCH_S0WRAPPERFIX_20260716T105954Z/runs/S0WRAPPERFIX_DCE_SRVCHP-SBORC_CycloHexane_R236fa_seed042_20260716T105954Z,
S0WRAPPERFIX_DCE_SRVCHP-SRORC_CycloHexane_R236fa_seed042_20260716T105954Z,S0WRAPPERFIX,DC-E,SRVCHP_SRORC,CycloHexane,R236fa,42,FINISHED,0,2.7091684341430664,${CBSIM_RUNS_ROOT}/S0_REMEDIATION/BATCH_S0WRAPPERFIX_20260716T105954Z/runs/S0WRAPPERFIX_DCE_SRVCHP-SRORC_CycloHexane_R236fa_seed042_20260716T105954Z,
S0WRAPPERFIX_DCF_SBVCHP-SRORC_R1233zdE_R134a_seed042_20260716T105954Z,S0WRAPPERFIX,DC-F,SBVCHP_SRORC,R1233zd(E),R134a,42,FINISHED,0,31.732053518295288,${CBSIM_RUNS_ROOT}/S0_REMEDIATION/BATCH_S0WRAPPERFIX_20260716T105954Z/runs/S0WRAPPERFIX_DCF_SBVCHP-SRORC_R1233zdE_R134a_seed042_20260716T105954Z,
S0WRAPPERFIX_DCF_SRVCHP-SRORC_R601_R134a_seed042_20260716T105954Z,S0WRAPPERFIX,DC-F,SRVCHP_SRORC,R601,R134a,42,FINISHED,0,31.70497989654541,${CBSIM_RUNS_ROOT}/S0_REMEDIATION/BATCH_S0WRAPPERFIX_20260716T105954Z/runs/S0WRAPPERFIX_DCF_SRVCHP-SRORC_R601_R134a_seed042_20260716T105954Z,
S0WRAPPERFIX_DCF_SRVCHP-SRORC_R365MFC_R134a_seed042_20260716T105954Z,S0WRAPPERFIX,DC-F,SRVCHP_SRORC,R365MFC,R134a,42,FINISHED,0,31.279786109924316,${CBSIM_RUNS_ROOT}/S0_REMEDIATION/BATCH_S0WRAPPERFIX_20260716T105954Z/runs/S0WRAPPERFIX_DCF_SRVCHP-SRORC_R365MFC_R134a_seed042_20260716T105954Z,
S0WRAPPERFIX_DCF_SRVCHP-SRORC_R1233zdE_R134a_seed042_20260716T105954Z,S0WRAPPERFIX,DC-F,SRVCHP_SRORC,R1233zd(E),R134a,42,FINISHED,0,32.349106788635254,${CBSIM_RUNS_ROOT}/S0_REMEDIATION/BATCH_S0WRAPPERFIX_20260716T105954Z/runs/S0WRAPPERFIX_DCF_SRVCHP-SRORC_R1233zdE_R134a_seed042_20260716T105954Z,
S0WRAPPERFIX_DCF_SRVCHP-SRORC_R601a_R134a_seed042_20260716T105954Z,S0WRAPPERFIX,DC-F,SRVCHP_SRORC,R601a,R134a,42,FINISHED,0,31.727463483810425,${CBSIM_RUNS_ROOT}/S0_REMEDIATION/BATCH_S0WRAPPERFIX_20260716T105954Z/runs/S0WRAPPERFIX_DCF_SRVCHP-SRORC_R601a_R134a_seed042_20260716T105954Z,
S0WRAPPERFIX_DCF_SBVCHP-SRORC_Cyclopentane_R134a_seed042_20260716T105954Z,S0WRAPPERFIX,DC-F,SBVCHP_SRORC,Cyclopentane,R134a,42,FINISHED,0,31.89846968650818,${CBSIM_RUNS_ROOT}/S0_REMEDIATION/BATCH_S0WRAPPERFIX_20260716T105954Z/runs/S0WRAPPERFIX_DCF_SBVCHP-SRORC_Cyclopentane_R134a_seed042_20260716T105954Z,
S0WRAPPERFIX_DCE_SBVCHP-SRORC_Acetone_R134a_seed042_20260716T105954Z,S0WRAPPERFIX,DC-E,SBVCHP_SRORC,Acetone,R134a,42,FINISHED,0,38.2168927192688,${CBSIM_RUNS_ROOT}/S0_REMEDIATION/BATCH_S0WRAPPERFIX_20260716T105954Z/runs/S0WRAPPERFIX_DCE_SBVCHP-SRORC_Acetone_R134a_seed042_20260716T105954Z,
S0WRAPPERFIX_DCE_SBVCHP-SRORC_Acetone_R152A_seed042_20260716T105954Z,S0WRAPPERFIX,DC-E,SBVCHP_SRORC,Acetone,R152A,42,FINISHED,0,39.20772624015808,${CBSIM_RUNS_ROOT}/S0_REMEDIATION/BATCH_S0WRAPPERFIX_20260716T105954Z/runs/S0WRAPPERFIX_DCE_SBVCHP-SRORC_Acetone_R152A_seed042_20260716T105954Z,
S0WRAPPERFIX_DCF_SRVCHP-SRORC_Cyclopentane_R134a_seed042_20260716T105954Z,S0WRAPPERFIX,DC-F,SRVCHP_SRORC,Cyclopentane,R134a,42,FINISHED,0,28.47061061859131,${CBSIM_RUNS_ROOT}/S0_REMEDIATION/BATCH_S0WRAPPERFIX_20260716T105954Z/runs/S0WRAPPERFIX_DCF_SRVCHP-SRORC_Cyclopentane_R134a_seed042_20260716T105954Z,
S0WRAPPERFIX_DCF_SRVCHP-SRORC_CycloHexane_R134a_seed042_20260716T105954Z,S0WRAPPERFIX,DC-F,SRVCHP_SRORC,CycloHexane,R134a,42,FINISHED,0,28.060662508010864,${CBSIM_RUNS_ROOT}/S0_REMEDIATION/BATCH_S0WRAPPERFIX_20260716T105954Z/runs/S0WRAPPERFIX_DCF_SRVCHP-SRORC_CycloHexane_R134a_seed042_20260716T105954Z,
S0WRAPPERFIX_DCF_SBVCHP-SRORC_Acetone_R134a_seed042_20260716T105954Z,S0WRAPPERFIX,DC-F,SBVCHP_SRORC,Acetone,R134a,42,FINISHED,0,28.246495962142944,${CBSIM_RUNS_ROOT}/S0_REMEDIATION/BATCH_S0WRAPPERFIX_20260716T105954Z/runs/S0WRAPPERFIX_DCF_SBVCHP-SRORC_Acetone_R134a_seed042_20260716T105954Z,
S0WRAPPERFIX_DCF_SRVCHP-SRORC_Acetone_R134a_seed042_20260716T105954Z,S0WRAPPERFIX,DC-F,SRVCHP_SRORC,Acetone,R134a,42,FINISHED,0,28.032437562942505,${CBSIM_RUNS_ROOT}/S0_REMEDIATION/BATCH_S0WRAPPERFIX_20260716T105954Z/runs/S0WRAPPERFIX_DCF_SRVCHP-SRORC_Acetone_R134a_seed042_20260716T105954Z,
