representative_id,repeat,wp,representative_type,status,worker_exit_code,wall_elapsed_s,evidence_path,log_path,gates_json
S5_DCA_compromise,1,DC-A,compromise,PASS,0,2.498535607010126,${CBSIM_RUNS_ROOT}/S5_FORMAL/S5_20260721T102425Z/evidence/S5_DCA_compromise_r01.json,${CBSIM_RUNS_ROOT}/S5_FORMAL/S5_20260721T102425Z/logs/S5_DCA_compromise_r01.log,"{""decision_bounds"": true, ""energy_conservation"": true, ""exergy_consistency"": true, ""kpi"": true, ""phase"": true, ""pinch_strict"": true, ""pressure"": true, ""solver"": true, ""solver_residuals"": true, ""state_points"": true}"
S5_DCA_compromise,2,DC-A,compromise,PASS,0,2.256173707995913,${CBSIM_RUNS_ROOT}/S5_FORMAL/S5_20260721T102425Z/evidence/S5_DCA_compromise_r02.json,${CBSIM_RUNS_ROOT}/S5_FORMAL/S5_20260721T102425Z/logs/S5_DCA_compromise_r02.log,"{""decision_bounds"": true, ""energy_conservation"": true, ""exergy_consistency"": true, ""kpi"": true, ""phase"": true, ""pinch_strict"": true, ""pressure"": true, ""solver"": true, ""solver_residuals"": true, ""state_points"": true}"
S5_DCA_density,1,DC-A,density,PASS,0,2.2596724670002004,${CBSIM_RUNS_ROOT}/S5_FORMAL/S5_20260721T102425Z/evidence/S5_DCA_density_r01.json,${CBSIM_RUNS_ROOT}/S5_FORMAL/S5_20260721T102425Z/logs/S5_DCA_density_r01.log,"{""decision_bounds"": true, ""energy_conservation"": true, ""exergy_consistency"": true, ""kpi"": true, ""phase"": true, ""pinch_strict"": true, ""pressure"": true, ""solver"": true, ""solver_residuals"": true, ""state_points"": true}"
S5_DCA_density,2,DC-A,density,PASS,0,2.233490304002771,${CBSIM_RUNS_ROOT}/S5_FORMAL/S5_20260721T102425Z/evidence/S5_DCA_density_r02.json,${CBSIM_RUNS_ROOT}/S5_FORMAL/S5_20260721T102425Z/logs/S5_DCA_density_r02.log,"{""decision_bounds"": true, ""energy_conservation"": true, ""exergy_consistency"": true, ""kpi"": true, ""phase"": true, ""pinch_strict"": true, ""pressure"": true, ""solver"": true, ""solver_residuals"": true, ""state_points"": true}"
S5_DCA_efficiency,1,DC-A,efficiency,PASS,0,2.3829235909943236,${CBSIM_RUNS_ROOT}/S5_FORMAL/S5_20260721T102425Z/evidence/S5_DCA_efficiency_r01.json,${CBSIM_RUNS_ROOT}/S5_FORMAL/S5_20260721T102425Z/logs/S5_DCA_efficiency_r01.log,"{""decision_bounds"": true, ""energy_conservation"": true, ""exergy_consistency"": true, ""kpi"": true, ""phase"": true, ""pinch_strict"": true, ""pressure"": true, ""solver"": true, ""solver_residuals"": true, ""state_points"": true}"
S5_DCA_efficiency,2,DC-A,efficiency,PASS,0,2.3331721919967094,${CBSIM_RUNS_ROOT}/S5_FORMAL/S5_20260721T102425Z/evidence/S5_DCA_efficiency_r02.json,${CBSIM_RUNS_ROOT}/S5_FORMAL/S5_20260721T102425Z/logs/S5_DCA_efficiency_r02.log,"{""decision_bounds"": true, ""energy_conservation"": true, ""exergy_consistency"": true, ""kpi"": true, ""phase"": true, ""pinch_strict"": true, ""pressure"": true, ""solver"": true, ""solver_residuals"": true, ""state_points"": true}"
S5_DCB_compromise,1,DC-B,compromise,PASS,0,2.282815031998325,${CBSIM_RUNS_ROOT}/S5_FORMAL/S5_20260721T102425Z/evidence/S5_DCB_compromise_r01.json,${CBSIM_RUNS_ROOT}/S5_FORMAL/S5_20260721T102425Z/logs/S5_DCB_compromise_r01.log,"{""decision_bounds"": true, ""energy_conservation"": true, ""exergy_consistency"": true, ""kpi"": true, ""phase"": true, ""pinch_strict"": true, ""pressure"": true, ""solver"": true, ""solver_residuals"": true, ""state_points"": true}"
S5_DCB_compromise,2,DC-B,compromise,PASS,0,2.204900053999154,${CBSIM_RUNS_ROOT}/S5_FORMAL/S5_20260721T102425Z/evidence/S5_DCB_compromise_r02.json,${CBSIM_RUNS_ROOT}/S5_FORMAL/S5_20260721T102425Z/logs/S5_DCB_compromise_r02.log,"{""decision_bounds"": true, ""energy_conservation"": true, ""exergy_consistency"": true, ""kpi"": true, ""phase"": true, ""pinch_strict"": true, ""pressure"": true, ""solver"": true, ""solver_residuals"": true, ""state_points"": true}"
S5_DCB_density,1,DC-B,density,PASS,0,2.251709957010462,${CBSIM_RUNS_ROOT}/S5_FORMAL/S5_20260721T102425Z/evidence/S5_DCB_density_r01.json,${CBSIM_RUNS_ROOT}/S5_FORMAL/S5_20260721T102425Z/logs/S5_DCB_density_r01.log,"{""decision_bounds"": true, ""energy_conservation"": true, ""exergy_consistency"": true, ""kpi"": true, ""phase"": true, ""pinch_strict"": true, ""pressure"": true, ""solver"": true, ""solver_residuals"": true, ""state_points"": true}"
S5_DCB_density,2,DC-B,density,PASS,0,2.329872709000483,${CBSIM_RUNS_ROOT}/S5_FORMAL/S5_20260721T102425Z/evidence/S5_DCB_density_r02.json,${CBSIM_RUNS_ROOT}/S5_FORMAL/S5_20260721T102425Z/logs/S5_DCB_density_r02.log,"{""decision_bounds"": true, ""energy_conservation"": true, ""exergy_consistency"": true, ""kpi"": true, ""phase"": true, ""pinch_strict"": true, ""pressure"": true, ""solver"": true, ""solver_residuals"": true, ""state_points"": true}"
S5_DCB_efficiency,1,DC-B,efficiency,PASS,0,2.279283552998095,${CBSIM_RUNS_ROOT}/S5_FORMAL/S5_20260721T102425Z/evidence/S5_DCB_efficiency_r01.json,${CBSIM_RUNS_ROOT}/S5_FORMAL/S5_20260721T102425Z/logs/S5_DCB_efficiency_r01.log,"{""decision_bounds"": true, ""energy_conservation"": true, ""exergy_consistency"": true, ""kpi"": true, ""phase"": true, ""pinch_strict"": true, ""pressure"": true, ""solver"": true, ""solver_residuals"": true, ""state_points"": true}"
S5_DCB_efficiency,2,DC-B,efficiency,PASS,0,2.328911151998909,${CBSIM_RUNS_ROOT}/S5_FORMAL/S5_20260721T102425Z/evidence/S5_DCB_efficiency_r02.json,${CBSIM_RUNS_ROOT}/S5_FORMAL/S5_20260721T102425Z/logs/S5_DCB_efficiency_r02.log,"{""decision_bounds"": true, ""energy_conservation"": true, ""exergy_consistency"": true, ""kpi"": true, ""phase"": true, ""pinch_strict"": true, ""pressure"": true, ""solver"": true, ""solver_residuals"": true, ""state_points"": true}"
S5_DCC_compromise,1,DC-C,compromise,PASS,0,2.2711982630135026,${CBSIM_RUNS_ROOT}/S5_FORMAL/S5_20260721T102425Z/evidence/S5_DCC_compromise_r01.json,${CBSIM_RUNS_ROOT}/S5_FORMAL/S5_20260721T102425Z/logs/S5_DCC_compromise_r01.log,"{""decision_bounds"": true, ""energy_conservation"": true, ""exergy_consistency"": true, ""kpi"": true, ""phase"": true, ""pinch_strict"": true, ""pressure"": true, ""solver"": true, ""solver_residuals"": true, ""state_points"": true}"
S5_DCC_compromise,2,DC-C,compromise,PASS,0,2.1792792079941137,${CBSIM_RUNS_ROOT}/S5_FORMAL/S5_20260721T102425Z/evidence/S5_DCC_compromise_r02.json,${CBSIM_RUNS_ROOT}/S5_FORMAL/S5_20260721T102425Z/logs/S5_DCC_compromise_r02.log,"{""decision_bounds"": true, ""energy_conservation"": true, ""exergy_consistency"": true, ""kpi"": true, ""phase"": true, ""pinch_strict"": true, ""pressure"": true, ""solver"": true, ""solver_residuals"": true, ""state_points"": true}"
S5_DCC_density,1,DC-C,density,PASS,0,2.437603020007373,${CBSIM_RUNS_ROOT}/S5_FORMAL/S5_20260721T102425Z/evidence/S5_DCC_density_r01.json,${CBSIM_RUNS_ROOT}/S5_FORMAL/S5_20260721T102425Z/logs/S5_DCC_density_r01.log,"{""decision_bounds"": true, ""energy_conservation"": true, ""exergy_consistency"": true, ""kpi"": true, ""phase"": true, ""pinch_strict"": true, ""pressure"": true, ""solver"": true, ""solver_residuals"": true, ""state_points"": true}"
S5_DCC_density,2,DC-C,density,PASS,0,2.492136215994833,${CBSIM_RUNS_ROOT}/S5_FORMAL/S5_20260721T102425Z/evidence/S5_DCC_density_r02.json,${CBSIM_RUNS_ROOT}/S5_FORMAL/S5_20260721T102425Z/logs/S5_DCC_density_r02.log,"{""decision_bounds"": true, ""energy_conservation"": true, ""exergy_consistency"": true, ""kpi"": true, ""phase"": true, ""pinch_strict"": true, ""pressure"": true, ""solver"": true, ""solver_residuals"": true, ""state_points"": true}"
S5_DCC_efficiency,1,DC-C,efficiency,PASS,0,2.2360355480050202,${CBSIM_RUNS_ROOT}/S5_FORMAL/S5_20260721T102425Z/evidence/S5_DCC_efficiency_r01.json,${CBSIM_RUNS_ROOT}/S5_FORMAL/S5_20260721T102425Z/logs/S5_DCC_efficiency_r01.log,"{""decision_bounds"": true, ""energy_conservation"": true, ""exergy_consistency"": true, ""kpi"": true, ""phase"": true, ""pinch_strict"": true, ""pressure"": true, ""solver"": true, ""solver_residuals"": true, ""state_points"": true}"
S5_DCC_efficiency,2,DC-C,efficiency,PASS,0,2.2064677710004617,${CBSIM_RUNS_ROOT}/S5_FORMAL/S5_20260721T102425Z/evidence/S5_DCC_efficiency_r02.json,${CBSIM_RUNS_ROOT}/S5_FORMAL/S5_20260721T102425Z/logs/S5_DCC_efficiency_r02.log,"{""decision_bounds"": true, ""energy_conservation"": true, ""exergy_consistency"": true, ""kpi"": true, ""phase"": true, ""pinch_strict"": true, ""pressure"": true, ""solver"": true, ""solver_residuals"": true, ""state_points"": true}"
S5_DCD_compromise,1,DC-D,compromise,PASS,0,2.206138289999217,${CBSIM_RUNS_ROOT}/S5_FORMAL/S5_20260721T102425Z/evidence/S5_DCD_compromise_r01.json,${CBSIM_RUNS_ROOT}/S5_FORMAL/S5_20260721T102425Z/logs/S5_DCD_compromise_r01.log,"{""decision_bounds"": true, ""energy_conservation"": true, ""exergy_consistency"": true, ""kpi"": true, ""phase"": true, ""pinch_strict"": true, ""pressure"": true, ""solver"": true, ""solver_residuals"": true, ""state_points"": true}"
S5_DCD_compromise,2,DC-D,compromise,PASS,0,2.1874104799935594,${CBSIM_RUNS_ROOT}/S5_FORMAL/S5_20260721T102425Z/evidence/S5_DCD_compromise_r02.json,${CBSIM_RUNS_ROOT}/S5_FORMAL/S5_20260721T102425Z/logs/S5_DCD_compromise_r02.log,"{""decision_bounds"": true, ""energy_conservation"": true, ""exergy_consistency"": true, ""kpi"": true, ""phase"": true, ""pinch_strict"": true, ""pressure"": true, ""solver"": true, ""solver_residuals"": true, ""state_points"": true}"
S5_DCD_density,1,DC-D,density,PASS,0,2.4985497430025134,${CBSIM_RUNS_ROOT}/S5_FORMAL/S5_20260721T102425Z/evidence/S5_DCD_density_r01.json,${CBSIM_RUNS_ROOT}/S5_FORMAL/S5_20260721T102425Z/logs/S5_DCD_density_r01.log,"{""decision_bounds"": true, ""energy_conservation"": true, ""exergy_consistency"": true, ""kpi"": true, ""phase"": true, ""pinch_strict"": true, ""pressure"": true, ""solver"": true, ""solver_residuals"": true, ""state_points"": true}"
S5_DCD_density,2,DC-D,density,PASS,0,2.5200236180098727,${CBSIM_RUNS_ROOT}/S5_FORMAL/S5_20260721T102425Z/evidence/S5_DCD_density_r02.json,${CBSIM_RUNS_ROOT}/S5_FORMAL/S5_20260721T102425Z/logs/S5_DCD_density_r02.log,"{""decision_bounds"": true, ""energy_conservation"": true, ""exergy_consistency"": true, ""kpi"": true, ""phase"": true, ""pinch_strict"": true, ""pressure"": true, ""solver"": true, ""solver_residuals"": true, ""state_points"": true}"
S5_DCD_efficiency,1,DC-D,efficiency,PASS,0,2.2205233089916874,${CBSIM_RUNS_ROOT}/S5_FORMAL/S5_20260721T102425Z/evidence/S5_DCD_efficiency_r01.json,${CBSIM_RUNS_ROOT}/S5_FORMAL/S5_20260721T102425Z/logs/S5_DCD_efficiency_r01.log,"{""decision_bounds"": true, ""energy_conservation"": true, ""exergy_consistency"": true, ""kpi"": true, ""phase"": true, ""pinch_strict"": true, ""pressure"": true, ""solver"": true, ""solver_residuals"": true, ""state_points"": true}"
S5_DCD_efficiency,2,DC-D,efficiency,PASS,0,2.294960703002289,${CBSIM_RUNS_ROOT}/S5_FORMAL/S5_20260721T102425Z/evidence/S5_DCD_efficiency_r02.json,${CBSIM_RUNS_ROOT}/S5_FORMAL/S5_20260721T102425Z/logs/S5_DCD_efficiency_r02.log,"{""decision_bounds"": true, ""energy_conservation"": true, ""exergy_consistency"": true, ""kpi"": true, ""phase"": true, ""pinch_strict"": true, ""pressure"": true, ""solver"": true, ""solver_residuals"": true, ""state_points"": true}"
S5_DCE_compromise,1,DC-E,compromise,PASS,0,2.2325355670036515,${CBSIM_RUNS_ROOT}/S5_FORMAL/S5_20260721T102425Z/evidence/S5_DCE_compromise_r01.json,${CBSIM_RUNS_ROOT}/S5_FORMAL/S5_20260721T102425Z/logs/S5_DCE_compromise_r01.log,"{""decision_bounds"": true, ""energy_conservation"": true, ""exergy_consistency"": true, ""kpi"": true, ""phase"": true, ""pinch_strict"": true, ""pressure"": true, ""solver"": true, ""solver_residuals"": true, ""state_points"": true}"
S5_DCE_compromise,2,DC-E,compromise,PASS,0,2.191641746001551,${CBSIM_RUNS_ROOT}/S5_FORMAL/S5_20260721T102425Z/evidence/S5_DCE_compromise_r02.json,${CBSIM_RUNS_ROOT}/S5_FORMAL/S5_20260721T102425Z/logs/S5_DCE_compromise_r02.log,"{""decision_bounds"": true, ""energy_conservation"": true, ""exergy_consistency"": true, ""kpi"": true, ""phase"": true, ""pinch_strict"": true, ""pressure"": true, ""solver"": true, ""solver_residuals"": true, ""state_points"": true}"
S5_DCE_density,1,DC-E,density,PASS,0,2.313606322990381,${CBSIM_RUNS_ROOT}/S5_FORMAL/S5_20260721T102425Z/evidence/S5_DCE_density_r01.json,${CBSIM_RUNS_ROOT}/S5_FORMAL/S5_20260721T102425Z/logs/S5_DCE_density_r01.log,"{""decision_bounds"": true, ""energy_conservation"": true, ""exergy_consistency"": true, ""kpi"": true, ""phase"": true, ""pinch_strict"": true, ""pressure"": true, ""solver"": true, ""solver_residuals"": true, ""state_points"": true}"
S5_DCE_density,2,DC-E,density,PASS,0,2.318204612995032,${CBSIM_RUNS_ROOT}/S5_FORMAL/S5_20260721T102425Z/evidence/S5_DCE_density_r02.json,${CBSIM_RUNS_ROOT}/S5_FORMAL/S5_20260721T102425Z/logs/S5_DCE_density_r02.log,"{""decision_bounds"": true, ""energy_conservation"": true, ""exergy_consistency"": true, ""kpi"": true, ""phase"": true, ""pinch_strict"": true, ""pressure"": true, ""solver"": true, ""solver_residuals"": true, ""state_points"": true}"
S5_DCE_efficiency,1,DC-E,efficiency,PASS,0,2.2700062719959533,${CBSIM_RUNS_ROOT}/S5_FORMAL/S5_20260721T102425Z/evidence/S5_DCE_efficiency_r01.json,${CBSIM_RUNS_ROOT}/S5_FORMAL/S5_20260721T102425Z/logs/S5_DCE_efficiency_r01.log,"{""decision_bounds"": true, ""energy_conservation"": true, ""exergy_consistency"": true, ""kpi"": true, ""phase"": true, ""pinch_strict"": true, ""pressure"": true, ""solver"": true, ""solver_residuals"": true, ""state_points"": true}"
S5_DCE_efficiency,2,DC-E,efficiency,PASS,0,2.247491911010002,${CBSIM_RUNS_ROOT}/S5_FORMAL/S5_20260721T102425Z/evidence/S5_DCE_efficiency_r02.json,${CBSIM_RUNS_ROOT}/S5_FORMAL/S5_20260721T102425Z/logs/S5_DCE_efficiency_r02.log,"{""decision_bounds"": true, ""energy_conservation"": true, ""exergy_consistency"": true, ""kpi"": true, ""phase"": true, ""pinch_strict"": true, ""pressure"": true, ""solver"": true, ""solver_residuals"": true, ""state_points"": true}"
S5_DCF_compromise,1,DC-F,compromise,PASS,0,2.165768899998511,${CBSIM_RUNS_ROOT}/S5_FORMAL/S5_20260721T102425Z/evidence/S5_DCF_compromise_r01.json,${CBSIM_RUNS_ROOT}/S5_FORMAL/S5_20260721T102425Z/logs/S5_DCF_compromise_r01.log,"{""decision_bounds"": true, ""energy_conservation"": true, ""exergy_consistency"": true, ""kpi"": true, ""phase"": true, ""pinch_strict"": true, ""pressure"": true, ""solver"": true, ""solver_residuals"": true, ""state_points"": true}"
S5_DCF_compromise,2,DC-F,compromise,PASS,0,2.1545621959958225,${CBSIM_RUNS_ROOT}/S5_FORMAL/S5_20260721T102425Z/evidence/S5_DCF_compromise_r02.json,${CBSIM_RUNS_ROOT}/S5_FORMAL/S5_20260721T102425Z/logs/S5_DCF_compromise_r02.log,"{""decision_bounds"": true, ""energy_conservation"": true, ""exergy_consistency"": true, ""kpi"": true, ""phase"": true, ""pinch_strict"": true, ""pressure"": true, ""solver"": true, ""solver_residuals"": true, ""state_points"": true}"
S5_DCF_density,1,DC-F,density,PASS,0,2.2934299379994627,${CBSIM_RUNS_ROOT}/S5_FORMAL/S5_20260721T102425Z/evidence/S5_DCF_density_r01.json,${CBSIM_RUNS_ROOT}/S5_FORMAL/S5_20260721T102425Z/logs/S5_DCF_density_r01.log,"{""decision_bounds"": true, ""energy_conservation"": true, ""exergy_consistency"": true, ""kpi"": true, ""phase"": true, ""pinch_strict"": true, ""pressure"": true, ""solver"": true, ""solver_residuals"": true, ""state_points"": true}"
S5_DCF_density,2,DC-F,density,PASS,0,2.2413220640009968,${CBSIM_RUNS_ROOT}/S5_FORMAL/S5_20260721T102425Z/evidence/S5_DCF_density_r02.json,${CBSIM_RUNS_ROOT}/S5_FORMAL/S5_20260721T102425Z/logs/S5_DCF_density_r02.log,"{""decision_bounds"": true, ""energy_conservation"": true, ""exergy_consistency"": true, ""kpi"": true, ""phase"": true, ""pinch_strict"": true, ""pressure"": true, ""solver"": true, ""solver_residuals"": true, ""state_points"": true}"
S5_DCF_efficiency,1,DC-F,efficiency,PASS,0,2.299007701993105,${CBSIM_RUNS_ROOT}/S5_FORMAL/S5_20260721T102425Z/evidence/S5_DCF_efficiency_r01.json,${CBSIM_RUNS_ROOT}/S5_FORMAL/S5_20260721T102425Z/logs/S5_DCF_efficiency_r01.log,"{""decision_bounds"": true, ""energy_conservation"": true, ""exergy_consistency"": true, ""kpi"": true, ""phase"": true, ""pinch_strict"": true, ""pressure"": true, ""solver"": true, ""solver_residuals"": true, ""state_points"": true}"
S5_DCF_efficiency,2,DC-F,efficiency,PASS,0,2.255421347988886,${CBSIM_RUNS_ROOT}/S5_FORMAL/S5_20260721T102425Z/evidence/S5_DCF_efficiency_r02.json,${CBSIM_RUNS_ROOT}/S5_FORMAL/S5_20260721T102425Z/logs/S5_DCF_efficiency_r02.log,"{""decision_bounds"": true, ""energy_conservation"": true, ""exergy_consistency"": true, ""kpi"": true, ""phase"": true, ""pinch_strict"": true, ""pressure"": true, ""solver"": true, ""solver_residuals"": true, ""state_points"": true}"
