representative_id,repeat,wp,representative_type,component,density_kg_m3,enthalpy_J_kg,entropy_J_kgK,fluid,phase,pressure_Pa,quality,state,temperature_K
S5_DCA_compromise,1,DC-A,compromise,HP,1.1016017152596957,364211.58750720014,1238.5405554878369,Cyclopentane,gas,38593.795309336005,-1.0,1,300.45769082095416
S5_DCA_compromise,1,DC-A,compromise,HP,11.168399261235928,572035.1449665104,1496.8510358453166,Cyclopentane,gas,542604.476594981,-1.0,2,441.26925981818675
S5_DCA_compromise,1,DC-A,compromise,HP,663.6780581630837,98271.23953525496,282.09693315593546,Cyclopentane,liquid,542604.476594981,-1.0,3,369.85893754463655
S5_DCA_compromise,1,DC-A,compromise,HP,6.2135363901180884,23427.321561072386,86.67487379369474,Cyclopentane,twophase,38593.795309336005,0.17899135828047325,4,295.81637666388673
S5_DCA_compromise,1,DC-A,compromise,HE,1452.0288083946748,220867.64078812036,1073.9019609981478,R236ea,liquid,171500.78176702617,-1.0,1,290.00655425577867
S5_DCA_compromise,1,DC-A,compromise,HE,1453.104894559009,222036.05931141073,1075.7257893127482,R236ea,liquid,1099427.98121822,-1.0,2,290.74986360453266
S5_DCA_compromise,1,DC-A,compromise,HE,71.91086077146475,429959.97630855633,1683.3330707720384,R236ea,gas,1099427.98121822,-1.0,3,360.0278327476853
S5_DCA_compromise,1,DC-A,compromise,HE,10.441129643425738,402950.85305924015,1692.908594160488,R236ea,gas,171500.78176702617,-1.0,4,315.41867855211376
S5_DCA_compromise,2,DC-A,compromise,HP,1.1016017152596957,364211.58750720014,1238.5405554878369,Cyclopentane,gas,38593.795309336005,-1.0,1,300.45769082095416
S5_DCA_compromise,2,DC-A,compromise,HP,11.168399261235928,572035.1449665104,1496.8510358453166,Cyclopentane,gas,542604.476594981,-1.0,2,441.26925981818675
S5_DCA_compromise,2,DC-A,compromise,HP,663.6780581630837,98271.23953525496,282.09693315593546,Cyclopentane,liquid,542604.476594981,-1.0,3,369.85893754463655
S5_DCA_compromise,2,DC-A,compromise,HP,6.2135363901180884,23427.321561072386,86.67487379369474,Cyclopentane,twophase,38593.795309336005,0.17899135828047325,4,295.81637666388673
S5_DCA_compromise,2,DC-A,compromise,HE,1452.0288083946748,220867.64078812036,1073.9019609981478,R236ea,liquid,171500.78176702617,-1.0,1,290.00655425577867
S5_DCA_compromise,2,DC-A,compromise,HE,1453.104894559009,222036.05931141073,1075.7257893127482,R236ea,liquid,1099427.98121822,-1.0,2,290.74986360453266
S5_DCA_compromise,2,DC-A,compromise,HE,71.91086077146475,429959.97630855633,1683.3330707720384,R236ea,gas,1099427.98121822,-1.0,3,360.0278327476853
S5_DCA_compromise,2,DC-A,compromise,HE,10.441129643425738,402950.85305924015,1692.908594160488,R236ea,gas,171500.78176702617,-1.0,4,315.41867855211376
S5_DCA_density,1,DC-A,density,HP,5.025154824837997,631723.4507356188,2478.507130323958,R600,gas,204996.000819372,-1.0,1,303.1499886744104
S5_DCA_density,1,DC-A,density,HP,25.64625925331743,793557.3109223943,2710.4274872615283,R600,gas,1233763.8338931855,-1.0,2,398.2926545158663
S5_DCA_density,1,DC-A,density,HP,509.2180376878269,389744.5641298502,1605.0631684256098,R600,liquid,1233763.8338931855,-1.0,3,348.08910356885025
S5_DCA_density,1,DC-A,density,HP,24.28725100078935,322995.6003230479,1425.0352358884236,R600,twophase,204996.000819372,0.20892720426786937,4,292.75216463248273
S5_DCA_density,1,DC-A,density,HE,1451.5853193180367,221046.3024249824,1074.515748466185,R236ea,liquid,172394.1133291427,-1.0,1,290.1496879370416
S5_DCA_density,1,DC-A,density,HE,1451.840453319111,221317.2441567906,1074.9367687766028,R236ea,liquid,388331.365906483,-1.0,2,290.3221099629276
S5_DCA_density,1,DC-A,density,HE,24.83439071650715,403564.9511776202,1653.4481524753053,R236ea,gas,388331.365906483,-1.0,3,320.6350518047763
S5_DCA_density,1,DC-A,density,HE,10.956411844952463,393134.4783730108,1660.966569935228,R236ea,gas,172394.1133291427,-1.0,4,304.48947029841736
S5_DCA_density,2,DC-A,density,HP,5.025154824837997,631723.4507356188,2478.507130323958,R600,gas,204996.000819372,-1.0,1,303.1499886744104
S5_DCA_density,2,DC-A,density,HP,25.64625925331743,793557.3109223943,2710.4274872615283,R600,gas,1233763.8338931855,-1.0,2,398.2926545158663
S5_DCA_density,2,DC-A,density,HP,509.2180376878269,389744.5641298502,1605.0631684256098,R600,liquid,1233763.8338931855,-1.0,3,348.08910356885025
S5_DCA_density,2,DC-A,density,HP,24.28725100078935,322995.6003230479,1425.0352358884236,R600,twophase,204996.000819372,0.20892720426786937,4,292.75216463248273
S5_DCA_density,2,DC-A,density,HE,1451.5853193180367,221046.3024249824,1074.515748466185,R236ea,liquid,172394.1133291427,-1.0,1,290.1496879370416
S5_DCA_density,2,DC-A,density,HE,1451.840453319111,221317.2441567906,1074.9367687766028,R236ea,liquid,388331.365906483,-1.0,2,290.3221099629276
S5_DCA_density,2,DC-A,density,HE,24.83439071650715,403564.9511776202,1653.4481524753053,R236ea,gas,388331.365906483,-1.0,3,320.6350518047763
S5_DCA_density,2,DC-A,density,HE,10.956411844952463,393134.4783730108,1660.966569935228,R236ea,gas,172394.1133291427,-1.0,4,304.48947029841736
S5_DCA_efficiency,1,DC-A,efficiency,HP,1.298185586704645,367151.9697240962,1228.4254395679154,Cyclopentane,gas,45769.197604176494,-1.0,1,303.149997084457
S5_DCA_efficiency,1,DC-A,efficiency,HP,8.584015121645209,531503.4445481689,1436.5236587974812,Cyclopentane,gas,399028.7655021934,-1.0,2,417.9877689857225
S5_DCA_efficiency,1,DC-A,efficiency,HP,676.4415162411387,74150.84307898983,216.47722342941972,Cyclopentane,liquid,399028.7655021934,-1.0,3,358.7692219737261
S5_DCA_efficiency,1,DC-A,efficiency,HP,9.30892934584944,14685.862194443529,54.14841124647142,Cyclopentane,twophase,45769.197604176494,0.13941586001582756,4,300.14018814345957
S5_DCA_efficiency,1,DC-A,efficiency,HE,1360.1442068837878,222415.11433275638,1079.6465239965903,R245fa,liquid,122692.60371460502,-1.0,1,290.07218694398887
S5_DCA_efficiency,1,DC-A,efficiency,HE,1360.7354623052433,223443.73849377752,1081.2533650222085,R245fa,liquid,887312.5389828715,-1.0,2,290.676681268619
S5_DCA_efficiency,1,DC-A,efficiency,HE,48.46577865066818,470148.39583654597,1797.8611177151638,R245fa,gas,887312.5389828715,-1.0,3,360.8907332026313
S5_DCA_efficiency,1,DC-A,efficiency,HE,6.602085304200007,436885.23391228425,1809.8219046977447,R245fa,gas,122692.60371460502,-1.0,4,311.3672371504361
S5_DCA_efficiency,2,DC-A,efficiency,HP,1.298185586704645,367151.9697240962,1228.4254395679154,Cyclopentane,gas,45769.197604176494,-1.0,1,303.149997084457
S5_DCA_efficiency,2,DC-A,efficiency,HP,8.584015121645209,531503.4445481689,1436.5236587974812,Cyclopentane,gas,399028.7655021934,-1.0,2,417.9877689857225
S5_DCA_efficiency,2,DC-A,efficiency,HP,676.4415162411387,74150.84307898983,216.47722342941972,Cyclopentane,liquid,399028.7655021934,-1.0,3,358.7692219737261
S5_DCA_efficiency,2,DC-A,efficiency,HP,9.30892934584944,14685.862194443529,54.14841124647142,Cyclopentane,twophase,45769.197604176494,0.13941586001582756,4,300.14018814345957
S5_DCA_efficiency,2,DC-A,efficiency,HE,1360.1442068837878,222415.11433275638,1079.6465239965903,R245fa,liquid,122692.60371460502,-1.0,1,290.07218694398887
S5_DCA_efficiency,2,DC-A,efficiency,HE,1360.7354623052433,223443.73849377752,1081.2533650222085,R245fa,liquid,887312.5389828715,-1.0,2,290.676681268619
S5_DCA_efficiency,2,DC-A,efficiency,HE,48.46577865066818,470148.39583654597,1797.8611177151638,R245fa,gas,887312.5389828715,-1.0,3,360.8907332026313
S5_DCA_efficiency,2,DC-A,efficiency,HE,6.602085304200007,436885.23391228425,1809.8219046977447,R245fa,gas,122692.60371460502,-1.0,4,311.3672371504361
S5_DCB_compromise,1,DC-B,compromise,HP,3.249583902618533,352987.4842056072,1163.6750796582933,R601a,gas,109775.5049643013,-1.0,1,306.8561598426824
S5_DCB_compromise,1,DC-B,compromise,HP,23.355385091004973,547325.7644057606,1475.8361666961932,R601a,gas,950139.4497722461,-1.0,2,416.6256665120703
S5_DCB_compromise,1,DC-B,compromise,HP,530.8044902354012,176917.70621997962,521.9563931574904,R601a,liquid,950139.4497722461,-1.0,3,371.7061578717891
S5_DCB_compromise,1,DC-B,compromise,HP,14.58438897334921,81064.54397449101,267.2856790038096,R601a,twophase,109775.5049643013,0.22166667635952075,4,303.3138272559653
S5_DCB_compromise,1,DC-B,compromise,HE,1336.2520002225958,242884.02891359897,1145.9201247576843,R227EA,liquid,698996.1948311124,-1.0,1,309.9705910120296
S5_DCB_compromise,1,DC-B,compromise,HE,1345.9511902620816,245717.54065733033,1150.010426988809,R227EA,liquid,2792156.6550568556,-1.0,2,312.3864223346237
S5_DCB_compromise,1,DC-B,compromise,HE,312.0923242670379,375615.63100776135,1517.8021415275023,R227EA,supercritical_gas,2792156.6550568556,-1.0,3,375.5926170438301
S5_DCB_compromise,1,DC-B,compromise,HE,52.04631136162229,361046.27702803595,1522.8000581398292,R227EA,gas,698996.1948311124,-1.0,4,325.36888917070087
S5_DCB_compromise,2,DC-B,compromise,HP,3.249583902618533,352987.4842056072,1163.6750796582933,R601a,gas,109775.5049643013,-1.0,1,306.8561598426824
S5_DCB_compromise,2,DC-B,compromise,HP,23.355385091004973,547325.7644057606,1475.8361666961932,R601a,gas,950139.4497722461,-1.0,2,416.6256665120703
S5_DCB_compromise,2,DC-B,compromise,HP,530.8044902354012,176917.70621997962,521.9563931574904,R601a,liquid,950139.4497722461,-1.0,3,371.7061578717891
S5_DCB_compromise,2,DC-B,compromise,HP,14.58438897334921,81064.54397449101,267.2856790038096,R601a,twophase,109775.5049643013,0.22166667635952075,4,303.3138272559653
S5_DCB_compromise,2,DC-B,compromise,HE,1336.2520002225958,242884.02891359897,1145.9201247576843,R227EA,liquid,698996.1948311124,-1.0,1,309.9705910120296
S5_DCB_compromise,2,DC-B,compromise,HE,1345.9511902620816,245717.54065733033,1150.010426988809,R227EA,liquid,2792156.6550568556,-1.0,2,312.3864223346237
S5_DCB_compromise,2,DC-B,compromise,HE,312.0923242670379,375615.63100776135,1517.8021415275023,R227EA,supercritical_gas,2792156.6550568556,-1.0,3,375.5926170438301
S5_DCB_compromise,2,DC-B,compromise,HE,52.04631136162229,361046.27702803595,1522.8000581398292,R227EA,gas,698996.1948311124,-1.0,4,325.36888917070087
S5_DCB_density,1,DC-B,density,HP,3.2792570976466546,355167.01435225044,1169.2925197204597,R601a,gas,111251.50669994472,-1.0,1,308.14999992149404
S5_DCB_density,1,DC-B,density,HP,20.494888442842253,527665.3327865787,1442.136643802231,R601a,gas,823356.5051769015,-1.0,2,406.5326532632273
S5_DCB_density,1,DC-B,density,HP,540.2587923856526,157348.03210408686,469.4339562189515,R601a,liquid,823356.5051769015,-1.0,3,364.47267218622983
S5_DCB_density,1,DC-B,density,HP,16.3284410417262,74480.6703617211,245.27773989927925,R601a,twophase,111251.50669994472,0.19990742126398275,4,303.7076116924268
S5_DCB_density,1,DC-B,density,HE,1335.432025130039,243102.9606059818,1146.6178779339227,R227EA,liquid,702450.9410538792,-1.0,1,310.1498373442286
S5_DCB_density,1,DC-B,density,HE,1338.0863059485914,243857.9356849421,1147.7205159519945,R227EA,liquid,1254043.837917435,-1.0,2,310.80142273030214
S5_DCB_density,1,DC-B,density,HE,103.74635997143524,364842.2872270993,1511.6046413941845,R227EA,gas,1254043.837917435,-1.0,3,338.80529915546066
S5_DCB_density,1,DC-B,density,HE,53.21937871622876,358303.18355966214,1514.1297405178875,R227EA,gas,702450.9410538792,-1.0,4,322.53546124383587
S5_DCB_density,2,DC-B,density,HP,3.2792570976466546,355167.01435225044,1169.2925197204597,R601a,gas,111251.50669994472,-1.0,1,308.14999992149404
S5_DCB_density,2,DC-B,density,HP,20.494888442842253,527665.3327865787,1442.136643802231,R601a,gas,823356.5051769015,-1.0,2,406.5326532632273
S5_DCB_density,2,DC-B,density,HP,540.2587923856526,157348.03210408686,469.4339562189515,R601a,liquid,823356.5051769015,-1.0,3,364.47267218622983
S5_DCB_density,2,DC-B,density,HP,16.3284410417262,74480.6703617211,245.27773989927925,R601a,twophase,111251.50669994472,0.19990742126398275,4,303.7076116924268
S5_DCB_density,2,DC-B,density,HE,1335.432025130039,243102.9606059818,1146.6178779339227,R227EA,liquid,702450.9410538792,-1.0,1,310.1498373442286
S5_DCB_density,2,DC-B,density,HE,1338.0863059485914,243857.9356849421,1147.7205159519945,R227EA,liquid,1254043.837917435,-1.0,2,310.80142273030214
S5_DCB_density,2,DC-B,density,HE,103.74635997143524,364842.2872270993,1511.6046413941845,R227EA,gas,1254043.837917435,-1.0,3,338.80529915546066
S5_DCB_density,2,DC-B,density,HE,53.21937871622876,358303.18355966214,1514.1297405178875,R227EA,gas,702450.9410538792,-1.0,4,322.53546124383587
S5_DCB_efficiency,1,DC-B,efficiency,HP,1.5496962896872088,372911.7879834151,1225.1451839003948,Cyclopentane,gas,55374.761930547225,-1.0,1,308.1500538021764
S5_DCB_efficiency,1,DC-B,efficiency,HP,13.309301215206625,579869.0335815796,1495.3498636879324,Cyclopentane,gas,646354.6476569417,-1.0,2,446.48680005264947
S5_DCB_efficiency,1,DC-B,efficiency,HP,650.0483632936011,123638.14770139681,349.22708996759957,Cyclopentane,liquid,646354.6476569417,-1.0,3,381.1879694670354
S5_DCB_efficiency,1,DC-B,efficiency,HP,8.350423150353938,42024.67851759071,140.85676985679046,Cyclopentane,twophase,55374.761930547225,0.18580681395445722,4,305.14826701349034
S5_DCB_efficiency,1,DC-B,efficiency,HE,1231.5034365712438,250225.58201877592,1172.1924928118908,R365MFC,liquid,99839.22448295055,-1.0,1,309.93278453808176
S5_DCB_efficiency,1,DC-B,efficiency,HE,1232.148638296356,251098.23070847534,1173.4612189288152,R365MFC,liquid,690044.7206609452,-1.0,2,310.4032884207921
S5_DCB_efficiency,1,DC-B,efficiency,HE,38.58066514021299,507627.5338571997,1876.3215434423194,R365MFC,gas,690044.7206609452,-1.0,3,382.9181540207428
S5_DCB_efficiency,1,DC-B,efficiency,HE,5.343412911922833,475338.7305864558,1886.8273752685748,R365MFC,gas,99839.22448295055,-1.0,4,343.472128425106
S5_DCB_efficiency,2,DC-B,efficiency,HP,1.5496962896872088,372911.7879834151,1225.1451839003948,Cyclopentane,gas,55374.761930547225,-1.0,1,308.1500538021764
S5_DCB_efficiency,2,DC-B,efficiency,HP,13.309301215206625,579869.0335815796,1495.3498636879324,Cyclopentane,gas,646354.6476569417,-1.0,2,446.48680005264947
S5_DCB_efficiency,2,DC-B,efficiency,HP,650.0483632936011,123638.14770139681,349.22708996759957,Cyclopentane,liquid,646354.6476569417,-1.0,3,381.1879694670354
S5_DCB_efficiency,2,DC-B,efficiency,HP,8.350423150353938,42024.67851759071,140.85676985679046,Cyclopentane,twophase,55374.761930547225,0.18580681395445722,4,305.14826701349034
S5_DCB_efficiency,2,DC-B,efficiency,HE,1231.5034365712438,250225.58201877592,1172.1924928118908,R365MFC,liquid,99839.22448295055,-1.0,1,309.93278453808176
S5_DCB_efficiency,2,DC-B,efficiency,HE,1232.148638296356,251098.23070847534,1173.4612189288152,R365MFC,liquid,690044.7206609452,-1.0,2,310.4032884207921
S5_DCB_efficiency,2,DC-B,efficiency,HE,38.58066514021299,507627.5338571997,1876.3215434423194,R365MFC,gas,690044.7206609452,-1.0,3,382.9181540207428
S5_DCB_efficiency,2,DC-B,efficiency,HE,5.343412911922833,475338.7305864558,1886.8273752685748,R365MFC,gas,99839.22448295055,-1.0,4,343.472128425106
S5_DCC_compromise,1,DC-C,compromise,HP,1.5814805710995428,380031.45030789205,1243.5140872582144,Cyclopentane,gas,57577.58566531326,-1.0,1,313.83059255155166
S5_DCC_compromise,1,DC-C,compromise,HP,13.119108503999309,571722.8954575668,1479.7064191619372,Cyclopentane,gas,630560.9357601292,-1.0,2,442.18074424869945
S5_DCC_compromise,1,DC-C,compromise,HP,655.5538315519581,113534.22172316293,322.62797710015576,Cyclopentane,liquid,630560.9357601292,-1.0,3,376.71160893530623
S5_DCC_compromise,1,DC-C,compromise,HP,8.768676953223888,42855.98764176191,142.73422113264715,Cyclopentane,twophase,57577.58566531326,0.18338178218283777,4,306.1977600051955
S5_DCC_compromise,1,DC-C,compromise,HE,1452.0882923026265,220843.6729757361,1073.8195964731872,R236ea,liquid,171381.20307150713,-1.0,1,289.98735087255943
S5_DCC_compromise,1,DC-C,compromise,HE,1453.3020720890663,222224.2241294709,1076.0052451966344,R236ea,liquid,1254770.3944956388,-1.0,2,290.8681470726824
S5_DCC_compromise,1,DC-C,compromise,HE,83.32207896840085,433029.77781270404,1686.2657763003683,R236ea,gas,1254770.3944956388,-1.0,3,365.4883577919156
S5_DCC_compromise,1,DC-C,compromise,HE,10.384364407788572,404083.0586564273,1696.527362156207,R236ea,gas,171381.20307150713,-1.0,4,316.6696245559984
S5_DCC_compromise,2,DC-C,compromise,HP,1.5814805710995428,380031.45030789205,1243.5140872582144,Cyclopentane,gas,57577.58566531326,-1.0,1,313.83059255155166
S5_DCC_compromise,2,DC-C,compromise,HP,13.119108503999309,571722.8954575668,1479.7064191619372,Cyclopentane,gas,630560.9357601292,-1.0,2,442.18074424869945
S5_DCC_compromise,2,DC-C,compromise,HP,655.5538315519581,113534.22172316293,322.62797710015576,Cyclopentane,liquid,630560.9357601292,-1.0,3,376.71160893530623
S5_DCC_compromise,2,DC-C,compromise,HP,8.768676953223888,42855.98764176191,142.73422113264715,Cyclopentane,twophase,57577.58566531326,0.18338178218283777,4,306.1977600051955
S5_DCC_compromise,2,DC-C,compromise,HE,1452.0882923026265,220843.6729757361,1073.8195964731872,R236ea,liquid,171381.20307150713,-1.0,1,289.98735087255943
S5_DCC_compromise,2,DC-C,compromise,HE,1453.3020720890663,222224.2241294709,1076.0052451966344,R236ea,liquid,1254770.3944956388,-1.0,2,290.8681470726824
S5_DCC_compromise,2,DC-C,compromise,HE,83.32207896840085,433029.77781270404,1686.2657763003683,R236ea,gas,1254770.3944956388,-1.0,3,365.4883577919156
S5_DCC_compromise,2,DC-C,compromise,HE,10.384364407788572,404083.0586564273,1696.527362156207,R236ea,gas,171381.20307150713,-1.0,4,316.6696245559984
S5_DCC_density,1,DC-C,density,HP,1.8244723808454115,385203.8171524374,1242.0429313477703,Cyclopentane,gas,67162.23018535651,-1.0,1,318.1500009429232
S5_DCC_density,1,DC-C,density,HP,9.481849523404428,521029.145825222,1402.6791621779669,Cyclopentane,gas,431357.74536073033,-1.0,2,412.7216651162934
S5_DCC_density,1,DC-C,density,HP,675.0563915484554,76836.83934969128,223.81781437906415,Cyclopentane,liquid,431357.74536073033,-1.0,3,360.01616626679385
S5_DCC_density,1,DC-C,density,HP,13.797482083710033,30352.82861888803,99.31825660374454,Cyclopentane,twophase,67162.23018535651,0.13357477036461393,4,310.42328852547604
S5_DCC_density,1,DC-C,density,HE,1451.5844132862453,221046.66736429225,1074.5170018868405,R236ea,liquid,172395.94162145775,-1.0,1,290.14998028283446
S5_DCC_density,1,DC-C,density,HE,1451.8441960966345,221371.723486801,1075.0475114739963,R236ea,liquid,420745.5319015766,-1.0,2,290.3590647914864
S5_DCC_density,1,DC-C,density,HE,26.85679867976301,405578.88193038775,1655.8054448676712,R236ea,gas,420745.5319015766,-1.0,3,323.42719744956565
S5_DCC_density,1,DC-C,density,HE,10.964198323611958,392980.13806085,1660.4589954140013,R236ea,gas,172395.94162145775,-1.0,4,304.316207351392
S5_DCC_density,2,DC-C,density,HP,1.8244723808454115,385203.8171524374,1242.0429313477703,Cyclopentane,gas,67162.23018535651,-1.0,1,318.1500009429232
S5_DCC_density,2,DC-C,density,HP,9.481849523404428,521029.145825222,1402.6791621779669,Cyclopentane,gas,431357.74536073033,-1.0,2,412.7216651162934
S5_DCC_density,2,DC-C,density,HP,675.0563915484554,76836.83934969128,223.81781437906415,Cyclopentane,liquid,431357.74536073033,-1.0,3,360.01616626679385
S5_DCC_density,2,DC-C,density,HP,13.797482083710033,30352.82861888803,99.31825660374454,Cyclopentane,twophase,67162.23018535651,0.13357477036461393,4,310.42328852547604
S5_DCC_density,2,DC-C,density,HE,1451.5844132862453,221046.66736429225,1074.5170018868405,R236ea,liquid,172395.94162145775,-1.0,1,290.14998028283446
S5_DCC_density,2,DC-C,density,HE,1451.8441960966345,221371.723486801,1075.0475114739963,R236ea,liquid,420745.5319015766,-1.0,2,290.3590647914864
S5_DCC_density,2,DC-C,density,HE,26.85679867976301,405578.88193038775,1655.8054448676712,R236ea,gas,420745.5319015766,-1.0,3,323.42719744956565
S5_DCC_density,2,DC-C,density,HE,10.964198323611958,392980.13806085,1660.4589954140013,R236ea,gas,172395.94162145775,-1.0,4,304.316207351392
S5_DCC_efficiency,1,DC-C,efficiency,HP,2.1648818005648547,384663.83379354223,1221.1260686022845,Cyclopentane,gas,79327.81872750992,-1.0,1,318.1500008127832
S5_DCC_efficiency,1,DC-C,efficiency,HP,5.303828405221486,444088.18153730937,1281.1557444463356,Cyclopentane,gas,216515.73962075452,-1.0,2,363.27045718605456
S5_DCC_efficiency,1,DC-C,efficiency,HP,705.1882204501595,20107.17036451247,60.90064160784925,Cyclopentane,liquid,216515.73962075452,-1.0,3,332.6091552725377
S5_DCC_efficiency,1,DC-C,efficiency,HP,43.91874159166142,4611.555226165907,15.230795592826592,Cyclopentane,twophase,79327.81872750992,0.046926618518933295,4,315.1465008309903
S5_DCC_efficiency,1,DC-C,efficiency,HE,1451.6376227075932,221025.2348005329,1074.4433873935493,R236ea,liquid,172288.59216466593,-1.0,1,290.1328109124649
S5_DCC_efficiency,1,DC-C,efficiency,HE,1452.0286403520379,221441.9180505056,1075.0913378318548,R236ea,liquid,504185.89545383886,-1.0,2,290.397969326336
S5_DCC_efficiency,1,DC-C,efficiency,HE,32.22221146414058,409403.2959831854,1658.8436964865302,R236ea,gas,504185.89545383886,-1.0,3,329.0926225484661
S5_DCC_efficiency,1,DC-C,efficiency,HE,10.89802294905889,394177.6327885359,1664.4175816217214,R236ea,gas,172288.59216466593,-1.0,4,305.65742551488114
S5_DCC_efficiency,2,DC-C,efficiency,HP,2.1648818005648547,384663.83379354223,1221.1260686022845,Cyclopentane,gas,79327.81872750992,-1.0,1,318.1500008127832
S5_DCC_efficiency,2,DC-C,efficiency,HP,5.303828405221486,444088.18153730937,1281.1557444463356,Cyclopentane,gas,216515.73962075452,-1.0,2,363.27045718605456
S5_DCC_efficiency,2,DC-C,efficiency,HP,705.1882204501595,20107.17036451247,60.90064160784925,Cyclopentane,liquid,216515.73962075452,-1.0,3,332.6091552725377
S5_DCC_efficiency,2,DC-C,efficiency,HP,43.91874159166142,4611.555226165907,15.230795592826592,Cyclopentane,twophase,79327.81872750992,0.046926618518933295,4,315.1465008309903
S5_DCC_efficiency,2,DC-C,efficiency,HE,1451.6376227075932,221025.2348005329,1074.4433873935493,R236ea,liquid,172288.59216466593,-1.0,1,290.1328109124649
S5_DCC_efficiency,2,DC-C,efficiency,HE,1452.0286403520379,221441.9180505056,1075.0913378318548,R236ea,liquid,504185.89545383886,-1.0,2,290.397969326336
S5_DCC_efficiency,2,DC-C,efficiency,HE,32.22221146414058,409403.2959831854,1658.8436964865302,R236ea,gas,504185.89545383886,-1.0,3,329.0926225484661
S5_DCC_efficiency,2,DC-C,efficiency,HE,10.89802294905889,394177.6327885359,1664.4175816217214,R236ea,gas,172288.59216466593,-1.0,4,305.65742551488114
S5_DCD_compromise,1,DC-D,compromise,HP,1.3450416525593547,489792.6712469151,1561.0833533948303,Acetone,gas,59032.02906403053,-1.0,1,317.8358467541123
S5_DCD_compromise,1,DC-D,compromise,HP,9.625884417760705,704753.4748779519,1801.3386447345324,Acetone,gas,590632.9213615156,-1.0,2,462.4008111264404
S5_DCD_compromise,1,DC-D,compromise,HP,688.482217955701,111665.34501546583,314.3470586400274,Acetone,liquid,590632.9213615156,-1.0,3,377.40024619201205
S5_DCD_compromise,1,DC-D,compromise,HP,9.509003536025974,40363.070698504074,131.0489589534621,Acetone,twophase,59032.02906403053,0.14186109055133497,4,314.2579806768065
S5_DCD_compromise,1,DC-D,compromise,HE,1387.638406213332,246175.76552185672,1157.889538884814,R236ea,liquid,336205.1938094136,-1.0,1,310.0332330540261
S5_DCD_compromise,1,DC-D,compromise,HE,1389.3835335976921,247456.10265449286,1159.7754032162934,R236ea,liquid,1300996.9993622594,-1.0,2,310.901167741455
S5_DCD_compromise,1,DC-D,compromise,HE,86.72167577368437,434016.6835319172,1687.4754158072346,R236ea,gas,1300996.9993622594,-1.0,3,367.14986448534387
S5_DCD_compromise,1,DC-D,compromise,HE,20.204181118961156,414473.7007647567,1694.0746490501247,R236ea,gas,336205.1938094136,-1.0,4,331.07068492153974
S5_DCD_compromise,2,DC-D,compromise,HP,1.3450416525593547,489792.6712469151,1561.0833533948303,Acetone,gas,59032.02906403053,-1.0,1,317.8358467541123
S5_DCD_compromise,2,DC-D,compromise,HP,9.625884417760705,704753.4748779519,1801.3386447345324,Acetone,gas,590632.9213615156,-1.0,2,462.4008111264404
S5_DCD_compromise,2,DC-D,compromise,HP,688.482217955701,111665.34501546583,314.3470586400274,Acetone,liquid,590632.9213615156,-1.0,3,377.40024619201205
S5_DCD_compromise,2,DC-D,compromise,HP,9.509003536025974,40363.070698504074,131.0489589534621,Acetone,twophase,59032.02906403053,0.14186109055133497,4,314.2579806768065
S5_DCD_compromise,2,DC-D,compromise,HE,1387.638406213332,246175.76552185672,1157.889538884814,R236ea,liquid,336205.1938094136,-1.0,1,310.0332330540261
S5_DCD_compromise,2,DC-D,compromise,HE,1389.3835335976921,247456.10265449286,1159.7754032162934,R236ea,liquid,1300996.9993622594,-1.0,2,310.901167741455
S5_DCD_compromise,2,DC-D,compromise,HE,86.72167577368437,434016.6835319172,1687.4754158072346,R236ea,gas,1300996.9993622594,-1.0,3,367.14986448534387
S5_DCD_compromise,2,DC-D,compromise,HE,20.204181118961156,414473.7007647567,1694.0746490501247,R236ea,gas,336205.1938094136,-1.0,4,331.07068492153974
S5_DCD_density,1,DC-D,density,HP,1.0401005407834931,483004.19378603884,1576.9835034510618,Acetone,gas,45041.71227468316,-1.0,1,311.7389889560573
S5_DCD_density,1,DC-D,density,HP,8.401381773200136,705687.3923948219,1820.4502561709924,Acetone,gas,519581.20310083224,-1.0,2,461.68068356190724
S5_DCD_density,1,DC-D,density,HP,695.9330065816885,98297.64515189957,278.93693555351473,Acetone,liquid,519581.20310083224,-1.0,3,371.8285079416293
S5_DCD_density,1,DC-D,density,HP,7.250813984255003,27813.140579711966,96.07455361282244,Acetone,twophase,45041.71227468316,0.14468527518245805,4,307.3424452295744
S5_DCD_density,1,DC-D,density,HE,1387.2482579252062,246325.08064377817,1158.3682201707181,R236ea,liquid,337426.31943726446,-1.0,1,310.1497603109147
S5_DCD_density,1,DC-D,density,HE,1387.9029421810853,246796.38967338655,1159.059708971127,R236ea,liquid,693663.3049922272,-1.0,2,310.46967882912264
S5_DCD_density,1,DC-D,density,HE,44.336061376012175,417963.0262012818,1669.4776061450727,R236ea,gas,693663.3049922272,-1.0,3,341.3516822506438
S5_DCD_density,1,DC-D,density,HE,20.907479032362257,407640.9834023845,1673.0274692943015,R236ea,gas,337426.31943726446,-1.0,4,323.8726650271729
S5_DCD_density,2,DC-D,density,HP,1.0401005407834931,483004.19378603884,1576.9835034510618,Acetone,gas,45041.71227468316,-1.0,1,311.7389889560573
S5_DCD_density,2,DC-D,density,HP,8.401381773200136,705687.3923948219,1820.4502561709924,Acetone,gas,519581.20310083224,-1.0,2,461.68068356190724
S5_DCD_density,2,DC-D,density,HP,695.9330065816885,98297.64515189957,278.93693555351473,Acetone,liquid,519581.20310083224,-1.0,3,371.8285079416293
S5_DCD_density,2,DC-D,density,HP,7.250813984255003,27813.140579711966,96.07455361282244,Acetone,twophase,45041.71227468316,0.14468527518245805,4,307.3424452295744
S5_DCD_density,2,DC-D,density,HE,1387.2482579252062,246325.08064377817,1158.3682201707181,R236ea,liquid,337426.31943726446,-1.0,1,310.1497603109147
S5_DCD_density,2,DC-D,density,HE,1387.9029421810853,246796.38967338655,1159.059708971127,R236ea,liquid,693663.3049922272,-1.0,2,310.46967882912264
S5_DCD_density,2,DC-D,density,HE,44.336061376012175,417963.0262012818,1669.4776061450727,R236ea,gas,693663.3049922272,-1.0,3,341.3516822506438
S5_DCD_density,2,DC-D,density,HE,20.907479032362257,407640.9834023845,1673.0274692943015,R236ea,gas,337426.31943726446,-1.0,4,323.8726650271729
S5_DCD_efficiency,1,DC-D,efficiency,HP,2.5357807087996185,390651.1732713306,1220.2720904245755,Cyclopentane,gas,94014.42630454482,-1.0,1,323.1498913960429
S5_DCD_efficiency,1,DC-D,efficiency,HP,15.206922657056522,560870.804870985,1442.0070434150823,Cyclopentane,gas,711557.3686999085,-1.0,2,437.6853054448674
S5_DCD_efficiency,1,DC-D,efficiency,HP,648.6840877113393,126404.76891212873,356.21052791038863,Cyclopentane,liquid,711557.3686999085,-1.0,3,382.3934289771507
S5_DCD_efficiency,1,DC-D,efficiency,HP,15.870917665497993,57588.431994502986,179.9648226759198,Cyclopentane,twophase,94014.42630454482,0.15844401088198146,4,320.13998524358874
S5_DCD_efficiency,1,DC-D,efficiency,HE,1231.5210346596148,250214.35153250227,1172.1563326642727,R365MFC,liquid,99810.38756294931,-1.0,1,309.9247740926733
S5_DCD_efficiency,1,DC-D,efficiency,HE,1232.1903608360878,251127.63759210697,1173.4885081990158,R365MFC,liquid,715841.4326863338,-1.0,2,310.41759479354477
S5_DCD_efficiency,1,DC-D,efficiency,HE,40.069276672283145,509035.4454222687,1878.2809352191955,R365MFC,gas,715841.4326863338,-1.0,3,384.4982877859488
S5_DCD_efficiency,1,DC-D,efficiency,HE,5.330066699777889,476071.6654421061,1888.974903661548,R365MFC,gas,99810.38756294931,-1.0,4,344.144814752374
S5_DCD_efficiency,2,DC-D,efficiency,HP,2.5357807087996185,390651.1732713306,1220.2720904245755,Cyclopentane,gas,94014.42630454482,-1.0,1,323.1498913960429
S5_DCD_efficiency,2,DC-D,efficiency,HP,15.206922657056522,560870.804870985,1442.0070434150823,Cyclopentane,gas,711557.3686999085,-1.0,2,437.6853054448674
S5_DCD_efficiency,2,DC-D,efficiency,HP,648.6840877113393,126404.76891212873,356.21052791038863,Cyclopentane,liquid,711557.3686999085,-1.0,3,382.3934289771507
S5_DCD_efficiency,2,DC-D,efficiency,HP,15.870917665497993,57588.431994502986,179.9648226759198,Cyclopentane,twophase,94014.42630454482,0.15844401088198146,4,320.13998524358874
S5_DCD_efficiency,2,DC-D,efficiency,HE,1231.5210346596148,250214.35153250227,1172.1563326642727,R365MFC,liquid,99810.38756294931,-1.0,1,309.9247740926733
S5_DCD_efficiency,2,DC-D,efficiency,HE,1232.1903608360878,251127.63759210697,1173.4885081990158,R365MFC,liquid,715841.4326863338,-1.0,2,310.41759479354477
S5_DCD_efficiency,2,DC-D,efficiency,HE,40.069276672283145,509035.4454222687,1878.2809352191955,R365MFC,gas,715841.4326863338,-1.0,3,384.4982877859488
S5_DCD_efficiency,2,DC-D,efficiency,HE,5.330066699777889,476071.6654421061,1888.974903661548,R365MFC,gas,99810.38756294931,-1.0,4,344.144814752374
S5_DCE_compromise,1,DC-E,compromise,HP,1.447916884420456,498558.43755899824,1575.3995297990375,Acetone,gas,64852.582840195595,-1.0,1,324.28165490927245
S5_DCE_compromise,1,DC-E,compromise,HP,9.29958791512765,693560.0327874258,1783.434151580246,Acetone,gas,562513.1973047716,-1.0,2,455.98937945261787
S5_DCE_compromise,1,DC-E,compromise,HP,691.6832036198301,105949.61664406964,299.2625227412756,Acetone,liquid,562513.1973047716,-1.0,3,375.024158820483
S5_DCE_compromise,1,DC-E,compromise,HP,10.4728781850769,44768.80241868607,143.1650706441775,Acetone,twophase,64852.582840195595,0.14054894694222658,4,316.7485281223976
S5_DCE_compromise,1,DC-E,compromise,HE,1451.9726990639826,220890.24792117128,1073.9796444532183,R236ea,liquid,171613.6289357426,-1.0,1,290.0246670697193
S5_DCE_compromise,1,DC-E,compromise,HE,1452.9317380530247,222169.2231571707,1076.0968686493068,R236ea,liquid,1136122.7483033116,-1.0,2,290.84910566289983
S5_DCE_compromise,1,DC-E,compromise,HE,75.70606391909767,428304.8811432337,1677.348172788408,R236ea,gas,1136122.7483033116,-1.0,3,359.27965692315047
S5_DCE_compromise,1,DC-E,compromise,HE,10.528871526540323,401130.50807254435,1687.084636483946,R236ea,gas,171613.6289357426,-1.0,4,313.40172863827405
S5_DCE_compromise,2,DC-E,compromise,HP,1.447916884420456,498558.43755899824,1575.3995297990375,Acetone,gas,64852.582840195595,-1.0,1,324.28165490927245
S5_DCE_compromise,2,DC-E,compromise,HP,9.29958791512765,693560.0327874258,1783.434151580246,Acetone,gas,562513.1973047716,-1.0,2,455.98937945261787
S5_DCE_compromise,2,DC-E,compromise,HP,691.6832036198301,105949.61664406964,299.2625227412756,Acetone,liquid,562513.1973047716,-1.0,3,375.024158820483
S5_DCE_compromise,2,DC-E,compromise,HP,10.4728781850769,44768.80241868607,143.1650706441775,Acetone,twophase,64852.582840195595,0.14054894694222658,4,316.7485281223976
S5_DCE_compromise,2,DC-E,compromise,HE,1451.9726990639826,220890.24792117128,1073.9796444532183,R236ea,liquid,171613.6289357426,-1.0,1,290.0246670697193
S5_DCE_compromise,2,DC-E,compromise,HE,1452.9317380530247,222169.2231571707,1076.0968686493068,R236ea,liquid,1136122.7483033116,-1.0,2,290.84910566289983
S5_DCE_compromise,2,DC-E,compromise,HE,75.70606391909767,428304.8811432337,1677.348172788408,R236ea,gas,1136122.7483033116,-1.0,3,359.27965692315047
S5_DCE_compromise,2,DC-E,compromise,HE,10.528871526540323,401130.50807254435,1687.084636483946,R236ea,gas,171613.6289357426,-1.0,4,313.40172863827405
S5_DCE_density,1,DC-E,density,HP,2.284748941757721,507306.7099866609,1537.902506349755,Acetone,gas,103514.4037367924,-1.0,1,333.1500905175714
S5_DCE_density,1,DC-E,density,HP,8.408524436203761,639572.1598672852,1684.5373876651158,Acetone,gas,470208.74074752943,-1.0,2,425.04322430967824
S5_DCE_density,1,DC-E,density,HP,700.9910542777608,89139.1895046385,254.36896848274546,Acetone,liquid,470208.74074752943,-1.0,3,367.98031212106434
S5_DCE_density,1,DC-E,density,HP,25.404614832088928,45597.88984502015,138.23279493078581,Acetone,twophase,103514.4037367924,0.08826846360378261,4,329.8514839788248
S5_DCE_density,1,DC-E,density,HE,1451.5937617996703,221042.90187758865,1074.504068882663,R236ea,liquid,172377.0777823206,-1.0,1,290.14696382004087
S5_DCE_density,1,DC-E,density,HE,1451.9054549773489,221372.70445395494,1075.015847202028,R236ea,liquid,435518.2699854638,-1.0,2,290.3567682588463
S5_DCE_density,1,DC-E,density,HE,27.796979553310983,406332.70264916145,1656.4634321012493,R236ea,gas,435518.2699854638,-1.0,3,324.5196051851984
S5_DCE_density,1,DC-E,density,HE,10.950911714641839,393222.5822138886,1661.2609793837726,R236ea,gas,172377.0777823206,-1.0,4,304.5879865078579
S5_DCE_density,2,DC-E,density,HP,2.284748941757721,507306.7099866609,1537.902506349755,Acetone,gas,103514.4037367924,-1.0,1,333.1500905175714
S5_DCE_density,2,DC-E,density,HP,8.408524436203761,639572.1598672852,1684.5373876651158,Acetone,gas,470208.74074752943,-1.0,2,425.04322430967824
S5_DCE_density,2,DC-E,density,HP,700.9910542777608,89139.1895046385,254.36896848274546,Acetone,liquid,470208.74074752943,-1.0,3,367.98031212106434
S5_DCE_density,2,DC-E,density,HP,25.404614832088928,45597.88984502015,138.23279493078581,Acetone,twophase,103514.4037367924,0.08826846360378261,4,329.8514839788248
S5_DCE_density,2,DC-E,density,HE,1451.5937617996703,221042.90187758865,1074.504068882663,R236ea,liquid,172377.0777823206,-1.0,1,290.14696382004087
S5_DCE_density,2,DC-E,density,HE,1451.9054549773489,221372.70445395494,1075.015847202028,R236ea,liquid,435518.2699854638,-1.0,2,290.3567682588463
S5_DCE_density,2,DC-E,density,HE,27.796979553310983,406332.70264916145,1656.4634321012493,R236ea,gas,435518.2699854638,-1.0,3,324.5196051851984
S5_DCE_density,2,DC-E,density,HE,10.950911714641839,393222.5822138886,1661.2609793837726,R236ea,gas,172377.0777823206,-1.0,4,304.5879865078579
S5_DCE_efficiency,1,DC-E,efficiency,HP,3.3325802107481834,402972.3904504639,1223.976660586143,Cyclopentane,gas,126408.77317050964,-1.0,1,333.15004910368265
S5_DCE_efficiency,1,DC-E,efficiency,HP,8.397724722468023,474522.4153186038,1307.3959740570174,Cyclopentane,gas,355398.41729852604,-1.0,2,384.8881019367276
S5_DCE_efficiency,1,DC-E,efficiency,HP,681.5606644167005,64501.46658166474,189.59064824616635,Cyclopentane,liquid,355398.41729852604,-1.0,3,354.2353466472316
S5_DCE_efficiency,1,DC-E,efficiency,HP,45.51165995424523,40281.16022856655,122.6509288065307,Cyclopentane,twophase,126408.77317050964,0.06976983335003954,4,329.2940981206121
S5_DCE_efficiency,1,DC-E,efficiency,HE,1360.0338406500703,222469.326289154,1079.8329022517698,R245fa,liquid,122889.70849281934,-1.0,1,290.1139071285834
S5_DCE_efficiency,1,DC-E,efficiency,HE,1360.3886017202144,223133.05358187287,1080.8898270010536,R245fa,liquid,608337.5751431965,-1.0,2,290.50605187907894
S5_DCE_efficiency,1,DC-E,efficiency,HE,32.95338139862853,460015.15327783657,1788.8485208413892,R245fa,gas,608337.5751431965,-1.0,3,346.06104379919543
S5_DCE_efficiency,1,DC-E,efficiency,HE,6.7080917952078485,433423.9757084054,1798.5416336401079,R245fa,gas,122889.70849281934,-1.0,4,307.5718586953327
S5_DCE_efficiency,2,DC-E,efficiency,HP,3.3325802107481834,402972.3904504639,1223.976660586143,Cyclopentane,gas,126408.77317050964,-1.0,1,333.15004910368265
S5_DCE_efficiency,2,DC-E,efficiency,HP,8.397724722468023,474522.4153186038,1307.3959740570174,Cyclopentane,gas,355398.41729852604,-1.0,2,384.8881019367276
S5_DCE_efficiency,2,DC-E,efficiency,HP,681.5606644167005,64501.46658166474,189.59064824616635,Cyclopentane,liquid,355398.41729852604,-1.0,3,354.2353466472316
S5_DCE_efficiency,2,DC-E,efficiency,HP,45.51165995424523,40281.16022856655,122.6509288065307,Cyclopentane,twophase,126408.77317050964,0.06976983335003954,4,329.2940981206121
S5_DCE_efficiency,2,DC-E,efficiency,HE,1360.0338406500703,222469.326289154,1079.8329022517698,R245fa,liquid,122889.70849281934,-1.0,1,290.1139071285834
S5_DCE_efficiency,2,DC-E,efficiency,HE,1360.3886017202144,223133.05358187287,1080.8898270010536,R245fa,liquid,608337.5751431965,-1.0,2,290.50605187907894
S5_DCE_efficiency,2,DC-E,efficiency,HE,32.95338139862853,460015.15327783657,1788.8485208413892,R245fa,gas,608337.5751431965,-1.0,3,346.06104379919543
S5_DCE_efficiency,2,DC-E,efficiency,HE,6.7080917952078485,433423.9757084054,1798.5416336401079,R245fa,gas,122889.70849281934,-1.0,4,307.5718586953327
S5_DCF_compromise,1,DC-F,compromise,HP,2.038689526505476,519204.2969058586,1584.6883004344052,Acetone,gas,95198.33112933223,-1.0,1,340.20090480789213
S5_DCF_compromise,1,DC-F,compromise,HP,10.19514590364939,680451.3693529017,1745.5858941739884,Acetone,gas,601771.6567011547,-1.0,2,449.78115852305524
S5_DCF_compromise,1,DC-F,compromise,HP,686.6754715607682,114859.73428582928,322.75358267430533,Acetone,liquid,601771.6567011547,-1.0,3,378.7244863581959
S5_DCF_compromise,1,DC-F,compromise,HP,14.916821328115594,66889.85955057804,204.35741353459957,Acetone,twophase,95198.33112933223,0.14089513100979137,4,327.4123947397128
S5_DCF_compromise,1,DC-F,compromise,HE,1387.5192505007772,246221.37342837674,1158.0357707565024,R236ea,liquid,336577.8475579246,-1.0,1,310.0688281926881
S5_DCF_compromise,1,DC-F,compromise,HE,1389.0119705696882,247334.1231445539,1159.6866922404915,R236ea,liquid,1169853.1428709633,-1.0,2,310.8241982152495
S5_DCF_compromise,1,DC-F,compromise,HE,77.70135389619779,430024.03327549,1680.8987395644601,R236ea,gas,1169853.1428709633,-1.0,3,361.3836237764674
S5_DCF_compromise,1,DC-F,compromise,HE,20.43363042666381,412152.1316910908,1686.980751602638,R236ea,gas,336577.8475579246,-1.0,4,328.6281736671392
S5_DCF_compromise,2,DC-F,compromise,HP,2.038689526505476,519204.2969058586,1584.6883004344052,Acetone,gas,95198.33112933223,-1.0,1,340.20090480789213
S5_DCF_compromise,2,DC-F,compromise,HP,10.19514590364939,680451.3693529017,1745.5858941739884,Acetone,gas,601771.6567011547,-1.0,2,449.78115852305524
S5_DCF_compromise,2,DC-F,compromise,HP,686.6754715607682,114859.73428582928,322.75358267430533,Acetone,liquid,601771.6567011547,-1.0,3,378.7244863581959
S5_DCF_compromise,2,DC-F,compromise,HP,14.916821328115594,66889.85955057804,204.35741353459957,Acetone,twophase,95198.33112933223,0.14089513100979137,4,327.4123947397128
S5_DCF_compromise,2,DC-F,compromise,HE,1387.5192505007772,246221.37342837674,1158.0357707565024,R236ea,liquid,336577.8475579246,-1.0,1,310.0688281926881
S5_DCF_compromise,2,DC-F,compromise,HE,1389.0119705696882,247334.1231445539,1159.6866922404915,R236ea,liquid,1169853.1428709633,-1.0,2,310.8241982152495
S5_DCF_compromise,2,DC-F,compromise,HE,77.70135389619779,430024.03327549,1680.8987395644601,R236ea,gas,1169853.1428709633,-1.0,3,361.3836237764674
S5_DCF_compromise,2,DC-F,compromise,HE,20.43363042666381,412152.1316910908,1686.980751602638,R236ea,gas,336577.8475579246,-1.0,4,328.6281736671392
S5_DCF_density,1,DC-F,density,HP,4.538840233294401,415274.9617289521,1223.3244343142433,Cyclopentane,gas,175315.89082567918,-1.0,1,343.1499991152471
S5_DCF_density,1,DC-F,density,HP,15.397554864392044,526995.5647448003,1367.399386876455,Cyclopentane,gas,682633.5957888406,-1.0,2,419.7238376514397
S5_DCF_density,1,DC-F,density,HP,650.587389064809,122817.01719117114,346.9254927059254,Cyclopentane,liquid,682633.5957888406,-1.0,3,380.8193334644666
S5_DCF_density,1,DC-F,density,HP,39.29086834521902,76852.6364103497,228.40548822136483,Cyclopentane,twophase,175315.89082567918,0.1108811520512736,4,340.13120211613546
S5_DCF_density,1,DC-F,density,HE,1231.026844758929,250529.6864786505,1173.1712928043687,R365MFC,liquid,100622.45852825718,-1.0,1,310.1496583230871
S5_DCF_density,1,DC-F,density,HE,1231.114958521327,250661.36287858343,1173.3703181928936,R365MFC,liquid,186725.5227681976,-1.0,2,310.22148507030244
S5_DCF_density,1,DC-F,density,HE,10.666470006490812,463220.7054196225,1817.5595465354165,R365MFC,gas,186725.5227681976,-1.0,3,334.46680790030786
S5_DCF_density,1,DC-F,density,HE,5.741299889416612,455348.8851834483,1826.5769127749725,R365MFC,gas,100622.45852825718,-1.0,4,324.87382927384357
S5_DCF_density,2,DC-F,density,HP,4.538840233294401,415274.9617289521,1223.3244343142433,Cyclopentane,gas,175315.89082567918,-1.0,1,343.1499991152471
S5_DCF_density,2,DC-F,density,HP,15.397554864392044,526995.5647448003,1367.399386876455,Cyclopentane,gas,682633.5957888406,-1.0,2,419.7238376514397
S5_DCF_density,2,DC-F,density,HP,650.587389064809,122817.01719117114,346.9254927059254,Cyclopentane,liquid,682633.5957888406,-1.0,3,380.8193334644666
S5_DCF_density,2,DC-F,density,HP,39.29086834521902,76852.6364103497,228.40548822136483,Cyclopentane,twophase,175315.89082567918,0.1108811520512736,4,340.13120211613546
S5_DCF_density,2,DC-F,density,HE,1231.026844758929,250529.6864786505,1173.1712928043687,R365MFC,liquid,100622.45852825718,-1.0,1,310.1496583230871
S5_DCF_density,2,DC-F,density,HE,1231.114958521327,250661.36287858343,1173.3703181928936,R365MFC,liquid,186725.5227681976,-1.0,2,310.22148507030244
S5_DCF_density,2,DC-F,density,HE,10.666470006490812,463220.7054196225,1817.5595465354165,R365MFC,gas,186725.5227681976,-1.0,3,334.46680790030786
S5_DCF_density,2,DC-F,density,HE,5.741299889416612,455348.8851834483,1826.5769127749725,R365MFC,gas,100622.45852825718,-1.0,4,324.87382927384357
S5_DCF_efficiency,1,DC-F,efficiency,HP,3.1484049687243845,518621.0435450579,1525.6868430027869,Acetone,gas,145124.4255533604,-1.0,1,343.14976744204324
S5_DCF_efficiency,1,DC-F,efficiency,HP,7.702889010044446,601279.524219526,1611.608036883422,Acetone,gas,404752.4596676507,-1.0,2,402.27581974570717
S5_DCF_efficiency,1,DC-F,efficiency,HP,708.0629023785392,76246.83289066065,219.325751088804,Acetone,liquid,404752.4596676507,-1.0,3,362.52020372094483
S5_DCF_efficiency,1,DC-F,efficiency,HP,54.4726968937008,51147.841099031415,151.37797373036747,Acetone,twophase,145124.4255533604,0.05439364434318426,4,340.13572805629497
S5_DCF_efficiency,1,DC-F,efficiency,HE,1231.2036468673357,250416.88127739032,1172.8082958741943,R365MFC,liquid,100331.389209051,-1.0,1,310.06921896528286
S5_DCF_efficiency,1,DC-F,efficiency,HE,1231.4568785474619,250795.3780285643,1173.379943916736,R365MFC,liquid,348059.42896549485,-1.0,2,310.275558499385
S5_DCF_efficiency,1,DC-F,efficiency,HE,19.47210349819942,482759.92685900524,1842.2166005711654,R365MFC,gas,348059.42896549485,-1.0,3,355.6094846236676
S5_DCF_efficiency,1,DC-F,efficiency,HE,5.587446376629604,462655.7252101286,1848.9904219192363,R365MFC,gas,100331.389209051,-1.0,4,331.72843410058834
S5_DCF_efficiency,2,DC-F,efficiency,HP,3.1484049687243845,518621.0435450579,1525.6868430027869,Acetone,gas,145124.4255533604,-1.0,1,343.14976744204324
S5_DCF_efficiency,2,DC-F,efficiency,HP,7.702889010044446,601279.524219526,1611.608036883422,Acetone,gas,404752.4596676507,-1.0,2,402.27581974570717
S5_DCF_efficiency,2,DC-F,efficiency,HP,708.0629023785392,76246.83289066065,219.325751088804,Acetone,liquid,404752.4596676507,-1.0,3,362.52020372094483
S5_DCF_efficiency,2,DC-F,efficiency,HP,54.4726968937008,51147.841099031415,151.37797373036747,Acetone,twophase,145124.4255533604,0.05439364434318426,4,340.13572805629497
S5_DCF_efficiency,2,DC-F,efficiency,HE,1231.2036468673357,250416.88127739032,1172.8082958741943,R365MFC,liquid,100331.389209051,-1.0,1,310.06921896528286
S5_DCF_efficiency,2,DC-F,efficiency,HE,1231.4568785474619,250795.3780285643,1173.379943916736,R365MFC,liquid,348059.42896549485,-1.0,2,310.275558499385
S5_DCF_efficiency,2,DC-F,efficiency,HE,19.47210349819942,482759.92685900524,1842.2166005711654,R365MFC,gas,348059.42896549485,-1.0,3,355.6094846236676
S5_DCF_efficiency,2,DC-F,efficiency,HE,5.587446376629604,462655.7252101286,1848.9904219192363,R365MFC,gas,100331.389209051,-1.0,4,331.72843410058834
