T_st_ht,dT_st_sp,dT_hp_cs_gl,dT_hp_ev_sh,dT_he_ev_sh,dT_hp_cd_sc,eta_max_cp,eta_max_ex,eta_pm,eta_p2p,energy_density_thermal,exergy_efficiency,wp,cb_config,fluid_hp,fluid_he,label,orc_type,hp_type
81.988756,59.999810,4.217996,4.673170,2.944390,14.949245,0.895966,0.899411,0.545281,0.030869,34.312005,0.012869,DC-A,SBVCHP_SBORC,R1233zd(E),R227ea,Air-cooled (Winter),SBORC,SBVCHP
82.587311,59.999810,4.217996,4.673170,2.944390,14.964529,0.896637,0.899432,0.544361,0.049028,34.304172,0.020601,DC-A,SBVCHP_SBORC,R1233zd(E),R227ea,Air-cooled (Winter),SBORC,SBVCHP
84.335948,59.999940,16.378458,6.083445,2.887322,14.925142,0.896521,0.899382,0.545446,0.078909,34.281193,0.062470,DC-A,SBVCHP_SBORC,R1233zd(E),R227ea,Air-cooled (Winter),SBORC,SBVCHP
84.335948,59.999940,16.378458,6.083445,2.887322,14.925142,0.896521,0.899382,0.545446,0.078909,34.281193,0.062470,DC-A,SBVCHP_SBORC,R1233zd(E),R227ea,Air-cooled (Winter),SBORC,SBVCHP
86.652117,59.999979,9.067956,6.485800,1.589382,14.935906,0.899372,0.899319,0.545135,0.138008,34.250285,0.089834,DC-A,SBVCHP_SBORC,R1233zd(E),R227ea,Air-cooled (Winter),SBORC,SBVCHP
96.324657,59.999818,17.189109,13.069281,2.912173,14.842560,0.897900,0.896423,0.544778,0.236463,34.116115,0.196264,DC-A,SBVCHP_SBORC,R1233zd(E),R227ea,Air-cooled (Winter),SBORC,SBVCHP
82.562766,59.999940,9.148021,6.083445,2.892198,14.925191,0.896508,0.899382,0.546023,0.044753,34.304568,0.028356,DC-A,SBVCHP_SBORC,R1233zd(E),R227ea,Air-cooled (Winter),SBORC,SBVCHP
86.891444,59.999922,16.100914,13.041304,2.861381,14.842663,0.896639,0.899334,0.546011,0.131835,34.247031,0.103712,DC-A,SBVCHP_SBORC,R1233zd(E),R227ea,Air-cooled (Winter),SBORC,SBVCHP
86.891444,59.999922,16.100914,13.041304,2.861381,14.842663,0.896639,0.899334,0.546011,0.131835,34.247031,0.103712,DC-A,SBVCHP_SBORC,R1233zd(E),R227ea,Air-cooled (Winter),SBORC,SBVCHP
83.074853,59.999940,16.199234,6.036380,2.934995,14.925050,0.896521,0.899382,0.545446,0.051700,34.297844,0.040570,DC-A,SBVCHP_SBORC,R1233zd(E),R227ea,Air-cooled (Winter),SBORC,SBVCHP
82.417799,59.999940,16.070069,5.912115,2.883013,14.925272,0.894570,0.899300,0.545480,0.035989,34.306468,0.028103,DC-A,SBVCHP_SBORC,R1233zd(E),R227ea,Air-cooled (Winter),SBORC,SBVCHP
82.192067,59.999856,15.579039,10.448662,0.758448,14.985069,0.899622,0.899979,0.549087,0.028076,34.309374,0.021709,DC-A,SBVCHP_SBORC,R245fa,R227ea,Air-cooled (Winter),SBORC,SBVCHP
82.942500,59.999893,15.859210,10.331659,1.291962,14.973458,0.899807,0.899910,0.548307,0.047220,34.299558,0.036863,DC-A,SBVCHP_SBORC,R245fa,R227ea,Air-cooled (Winter),SBORC,SBVCHP
82.712984,59.999079,15.883295,12.433758,1.300968,14.954473,0.899904,0.899980,0.542974,0.042335,34.302103,0.032866,DC-A,SBVCHP_SBORC,R245fa,R227ea,Air-cooled (Winter),SBORC,SBVCHP
93.036996,59.999158,13.842284,12.716682,0.500896,14.993314,0.899622,0.899940,0.548138,0.213195,34.162186,0.167172,DC-A,SBVCHP_SBORC,R245fa,R227ea,Air-cooled (Winter),SBORC,SBVCHP
85.486898,59.998492,9.760682,10.208929,1.291006,14.985045,0.898696,0.899703,0.548370,0.111449,34.265048,0.074730,DC-A,SBVCHP_SBORC,R245fa,R227ea,Air-cooled (Winter),SBORC,SBVCHP
87.191212,59.999894,15.559021,13.063241,0.566882,14.957353,0.899611,0.899929,0.549177,0.134011,34.242972,0.105555,DC-A,SBVCHP_SBORC,R245fa,R227ea,Air-cooled (Winter),SBORC,SBVCHP
87.885670,59.999893,15.859210,13.063241,1.291962,14.973458,0.899807,0.899910,0.548307,0.144145,34.233577,0.114520,DC-A,SBVCHP_SBORC,R245fa,R227ea,Air-cooled (Winter),SBORC,SBVCHP
81.484371,59.999998,2.142076,11.052050,2.947172,14.979371,0.899577,0.899783,0.549115,0.013150,34.318692,0.003843,DC-A,SBVCHP_SBORC,R600,R227ea,Air-cooled (Winter),SBORC,SBVCHP
81.443658,59.999016,12.874280,11.954223,2.912517,14.967092,0.899596,0.899733,0.549155,0.011604,34.318657,0.008352,DC-A,SBVCHP_SBORC,R600,R227ea,Air-cooled (Winter),SBORC,SBVCHP
85.631381,59.999034,13.036942,11.605187,2.733362,14.987842,0.899568,0.899236,0.549191,0.109687,34.263429,0.081487,DC-A,SBVCHP_SBORC,R600,R227ea,Air-cooled (Winter),SBORC,SBVCHP
82.202462,59.999977,6.162340,11.915754,2.933609,14.217328,0.899857,0.899801,0.549155,0.033098,34.309308,0.018268,DC-A,SBVCHP_SBORC,R600,R227ea,Air-cooled (Winter),SBORC,SBVCHP
84.502459,59.999756,13.909884,10.079089,2.842010,14.994302,0.899644,0.899771,0.549818,0.084673,34.278879,0.064118,DC-A,SBVCHP_SBORC,R600,R227ea,Air-cooled (Winter),SBORC,SBVCHP
84.502459,59.999756,13.909884,10.079089,2.842010,14.994302,0.899644,0.899771,0.549818,0.084673,34.278879,0.064118,DC-A,SBVCHP_SBORC,R600,R227ea,Air-cooled (Winter),SBORC,SBVCHP
82.937379,59.999990,13.059436,12.927865,0.997803,14.994797,0.899859,0.899785,0.549709,0.050083,34.299681,0.036471,DC-A,SBVCHP_SBORC,R600,R227ea,Air-cooled (Winter),SBORC,SBVCHP
88.211095,59.999990,13.059436,12.888782,0.979991,14.979322,0.899503,0.899785,0.549701,0.155439,34.229216,0.116861,DC-A,SBVCHP_SBORC,R600,R227ea,Air-cooled (Winter),SBORC,SBVCHP
91.470229,59.988747,13.465009,11.830537,2.918067,14.792315,0.899857,0.899751,0.547920,0.193733,34.178033,0.150184,DC-A,SBVCHP_SBORC,R600,R227ea,Air-cooled (Winter),SBORC,SBVCHP
83.735235,59.998900,12.864182,12.332450,2.923755,14.980118,0.899805,0.899696,0.547320,0.070938,34.288544,0.051736,DC-A,SBVCHP_SBORC,R600,R227ea,Air-cooled (Winter),SBORC,SBVCHP
88.560967,59.999990,13.059436,12.888782,0.979991,14.979322,0.899508,0.899785,0.549578,0.160709,34.224457,0.121063,DC-A,SBVCHP_SBORC,R600,R227ea,Air-cooled (Winter),SBORC,SBVCHP
103.448052,59.990412,11.522088,3.227520,2.755098,14.346676,0.899587,0.899679,0.549936,0.341231,34.007247,0.244641,DC-A,SRVCHP_SBORC,R1233zd(E),R1234ze(E),Air-cooled (Winter),SBORC,SRVCHP
96.244778,59.999991,11.713463,8.199889,2.995415,14.349732,0.899299,0.899967,0.549730,0.273602,34.117353,0.191112,DC-A,SRVCHP_SBORC,R1233zd(E),R1234ze(E),Air-cooled (Winter),SBORC,SRVCHP
91.631249,59.999995,12.330754,3.135329,2.903206,14.328877,0.899632,0.899841,0.549759,0.209580,34.182255,0.146302,DC-A,SRVCHP_SBORC,R1233zd(E),R1234ze(E),Air-cooled (Winter),SBORC,SRVCHP
102.409116,59.996377,12.201840,3.263606,1.579676,14.489330,0.899601,0.899654,0.549427,0.330543,34.025977,0.240550,DC-A,SRVCHP_SBORC,R1233zd(E),R1234ze(E),Air-cooled (Winter),SBORC,SRVCHP
119.516572,59.990412,11.357719,3.227520,2.986811,14.343581,0.899587,0.899679,0.549860,0.418316,33.762738,0.315805,DC-A,SRVCHP_SBORC,R1233zd(E),R1234ze(E),Air-cooled (Winter),SBORC,SRVCHP
105.780269,59.999990,11.367268,8.090223,2.909850,14.175956,0.897600,0.899916,0.542752,0.358772,33.978075,0.258193,DC-A,SRVCHP_SBORC,R1233zd(E),R1234ze(E),Air-cooled (Winter),SBORC,SRVCHP
119.729823,58.834392,7.711028,3.157773,2.959079,14.510254,0.899799,0.899842,0.549314,0.438862,33.102569,0.291939,DC-A,SRVCHP_SBORC,R1233zd(E),R1234ze(E),Air-cooled (Winter),SBORC,SRVCHP
103.396095,59.999987,16.455357,3.031901,2.997151,12.361500,0.899671,0.899682,0.548784,0.318950,34.013490,0.254542,DC-A,SRVCHP_SBORC,R1233zd(E),R1234ze(E),Air-cooled (Winter),SBORC,SRVCHP
117.494152,59.997864,12.065878,3.160322,2.906255,12.873455,0.898878,0.899814,0.540642,0.407133,33.798370,0.311212,DC-A,SRVCHP_SBORC,R1233zd(E),R1234ze(E),Air-cooled (Winter),SBORC,SRVCHP
119.744184,57.837879,7.660612,3.225919,2.945142,14.464104,0.899814,0.899841,0.549764,0.441087,32.536271,0.293044,DC-A,SRVCHP_SBORC,R1233zd(E),R1234ze(E),Air-cooled (Winter),SBORC,SRVCHP
91.807514,59.999586,18.441444,3.075798,2.971938,12.511538,0.899342,0.897465,0.537980,0.187481,34.179573,0.149167,DC-A,SRVCHP_SBORC,R1233zd(E),R134a,Air-cooled (Winter),SBORC,SRVCHP
81.309600,59.999972,7.766671,6.630525,2.982098,14.911087,0.898429,0.899221,0.547333,0.010070,34.320952,0.005309,DC-A,SRVCHP_SBORC,R1233zd(E),R227ea,Air-cooled (Winter),SBORC,SRVCHP
81.309600,59.999972,2.864047,3.338478,2.982374,14.911083,0.898011,0.899231,0.547265,0.010864,34.320952,0.002964,DC-A,SRVCHP_SBORC,R1233zd(E),R227ea,Air-cooled (Winter),SBORC,SRVCHP
90.015381,59.999831,4.227699,4.969722,1.026217,13.952344,0.898396,0.899048,0.541132,0.249463,34.204473,0.100116,DC-A,SRVCHP_SBORC,R1233zd(E),R227ea,Air-cooled (Winter),SBORC,SRVCHP
91.955541,59.999828,7.939722,3.544773,2.941630,14.996218,0.898989,0.899950,0.541308,0.268916,34.177655,0.155722,DC-A,SRVCHP_SBORC,R1233zd(E),R227ea,Air-cooled (Winter),SBORC,SRVCHP
86.049572,59.999922,7.757615,3.315170,2.919535,13.970771,0.898428,0.899064,0.541874,0.154473,34.258342,0.084831,DC-A,SRVCHP_SBORC,R1233zd(E),R227ea,Air-cooled (Winter),SBORC,SRVCHP
81.517961,59.999972,7.766671,7.091698,2.859993,14.911087,0.899047,0.899202,0.534961,0.017640,34.318240,0.009313,DC-A,SRVCHP_SBORC,R1233zd(E),R227ea,Air-cooled (Winter),SBORC,SRVCHP
83.931909,59.999831,7.549006,3.577027,1.233126,14.668225,0.898961,0.899950,0.541910,0.096787,34.286480,0.051455,DC-A,SRVCHP_SBORC,R1233zd(E),R227ea,Air-cooled (Winter),SBORC,SRVCHP
89.243013,59.999834,3.855700,3.227011,2.766777,14.401699,0.899119,0.899196,0.546911,0.238014,34.215061,0.088338,DC-A,SRVCHP_SBORC,R1233zd(E),R227ea,Air-cooled (Winter),SBORC,SRVCHP
83.347847,59.999827,4.791406,6.111414,2.869191,14.978899,0.898372,0.899164,0.543059,0.082392,34.294186,0.033632,DC-A,SRVCHP_SBORC,R1233zd(E),R227ea,Air-cooled (Winter),SBORC,SRVCHP
84.303472,59.999834,3.855700,3.227011,2.766777,14.401699,0.898974,0.899196,0.547387,0.115880,34.281563,0.040657,DC-A,SRVCHP_SBORC,R1233zd(E),R227ea,Air-cooled (Winter),SBORC,SRVCHP
82.239816,59.999834,3.715571,4.186933,2.947466,14.666805,0.898407,0.899782,0.541942,0.046467,34.308737,0.015577,DC-A,SRVCHP_SBORC,R1233zd(E),R227ea,Air-cooled (Winter),SBORC,SRVCHP
97.532580,59.999915,6.610566,4.878464,2.811180,14.666296,0.898974,0.899972,0.541845,0.344099,34.098888,0.189012,DC-A,SRVCHP_SBORC,R1233zd(E),R227ea,Air-cooled (Winter),SBORC,SRVCHP
88.405485,59.999924,3.767418,3.914826,2.741779,14.724628,0.898967,0.899781,0.544522,0.220908,34.226535,0.080046,DC-A,SRVCHP_SBORC,R1233zd(E),R227ea,Air-cooled (Winter),SBORC,SRVCHP
83.080770,59.999515,19.059070,5.162143,1.146743,14.853318,0.899001,0.899816,0.534861,0.058256,34.297522,0.045420,DC-A,SRVCHP_SBORC,R1233zd(E),R227ea,Air-cooled (Winter),SBORC,SRVCHP
99.172170,59.999238,3.272503,3.087428,2.897116,14.400643,0.899090,0.899848,0.541041,0.376035,34.074862,0.138531,DC-A,SRVCHP_SBORC,R1233zd(E),R227ea,Air-cooled (Winter),SBORC,SRVCHP
92.888327,59.999824,4.214126,3.263273,1.846370,14.644100,0.898447,0.899181,0.547155,0.299768,34.164647,0.122500,DC-A,SRVCHP_SBORC,R1233zd(E),R227ea,Air-cooled (Winter),SBORC,SRVCHP
85.222654,59.999831,7.555879,3.312986,1.219282,13.950225,0.898487,0.899955,0.541012,0.133511,34.269343,0.071837,DC-A,SRVCHP_SBORC,R1233zd(E),R227ea,Air-cooled (Winter),SBORC,SRVCHP
87.383506,59.988631,10.276301,6.344642,1.906997,14.961647,0.896487,0.899092,0.544556,0.179211,34.233903,0.113527,DC-A,SRVCHP_SBORC,R1233zd(E),R227ea,Air-cooled (Winter),SBORC,SRVCHP
92.079208,59.999828,5.359781,3.544773,2.941630,14.996251,0.897920,0.899950,0.541308,0.281439,34.175934,0.132234,DC-A,SRVCHP_SBORC,R1233zd(E),R227ea,Air-cooled (Winter),SBORC,SRVCHP
84.360415,59.999915,6.627140,4.878464,2.486457,14.666296,0.898974,0.899972,0.541845,0.112199,34.280854,0.055633,DC-A,SRVCHP_SBORC,R1233zd(E),R227ea,Air-cooled (Winter),SBORC,SRVCHP
86.508793,59.999972,7.399005,3.308553,1.190991,13.959871,0.898443,0.899206,0.541889,0.166567,34.252208,0.089544,DC-A,SRVCHP_SBORC,R1233zd(E),R227ea,Air-cooled (Winter),SBORC,SRVCHP
88.927522,59.999834,18.697710,6.583268,2.848378,14.661513,0.898957,0.899211,0.541674,0.185710,34.219371,0.146750,DC-A,SRVCHP_SBORC,R1233zd(E),R227ea,Air-cooled (Winter),SBORC,SRVCHP
91.959110,59.999828,2.992975,3.381425,0.966650,13.983766,0.898461,0.899073,0.541089,0.289693,34.177605,0.093420,DC-A,SRVCHP_SBORC,R1233zd(E),R227ea,Air-cooled (Winter),SBORC,SRVCHP
112.504533,59.981459,18.743587,4.768850,2.945429,14.932595,0.898148,0.896749,0.544909,0.373557,33.865844,0.313417,DC-A,SRVCHP_SBORC,R1233zd(E),R227ea,Air-cooled (Winter),SBORC,SRVCHP
83.028573,59.999824,6.468904,6.115163,2.873482,14.856654,0.898561,0.899219,0.544892,0.071555,34.298387,0.034536,DC-A,SRVCHP_SBORC,R1233zd(E),R227ea,Air-cooled (Winter),SBORC,SRVCHP
82.916046,59.999915,4.368959,4.880733,2.486457,14.656891,0.898971,0.899946,0.541845,0.069204,34.299918,0.026186,DC-A,SRVCHP_SBORC,R1233zd(E),R227ea,Air-cooled (Winter),SBORC,SRVCHP
87.551577,59.999827,5.438767,3.170968,2.843212,14.696173,0.898027,0.899947,0.543060,0.196658,34.238063,0.089506,DC-A,SRVCHP_SBORC,R1233zd(E),R227ea,Air-cooled (Winter),SBORC,SRVCHP
91.989961,59.999834,3.852063,4.924818,2.827123,14.409578,0.899119,0.899940,0.547008,0.282600,34.177180,0.109200,DC-A,SRVCHP_SBORC,R1233zd(E),R227ea,Air-cooled (Winter),SBORC,SRVCHP
88.405485,59.999924,3.987723,3.949651,2.662808,14.716160,0.898079,0.897738,0.544522,0.220029,34.226535,0.082757,DC-A,SRVCHP_SBORC,R1233zd(E),R227ea,Air-cooled (Winter),SBORC,SRVCHP
82.220267,59.999834,18.859590,4.907417,2.947466,14.939179,0.898974,0.899786,0.541894,0.036051,34.308993,0.027934,DC-A,SRVCHP_SBORC,R1233zd(E),R227ea,Air-cooled (Winter),SBORC,SRVCHP
99.463254,59.999972,8.116476,3.308473,1.188689,14.696540,0.898445,0.899206,0.541889,0.355622,34.071064,0.218152,DC-A,SRVCHP_SBORC,R1233zd(E),R227ea,Air-cooled (Winter),SBORC,SRVCHP
85.222654,59.999825,7.893556,3.313184,2.470247,13.950225,0.898512,0.899955,0.540978,0.133172,34.269340,0.073326,DC-A,SRVCHP_SBORC,R1233zd(E),R227ea,Air-cooled (Winter),SBORC,SRVCHP
99.271232,59.995549,6.450469,3.103271,2.883970,14.712967,0.898047,0.899217,0.541245,0.359883,34.071316,0.197847,DC-A,SRVCHP_SBORC,R1233zd(E),R227ea,Air-cooled (Winter),SBORC,SRVCHP
83.964321,59.999972,5.489152,3.387468,2.992299,14.914594,0.898429,0.899090,0.547333,0.102619,34.286132,0.045329,DC-A,SRVCHP_SBORC,R1233zd(E),R227ea,Air-cooled (Winter),SBORC,SRVCHP
96.853845,59.999915,7.758990,4.847324,2.919203,14.965459,0.898262,0.899972,0.547743,0.331843,34.108613,0.196162,DC-A,SRVCHP_SBORC,R1233zd(E),R227ea,Air-cooled (Winter),SBORC,SRVCHP
119.932753,57.844692,10.041783,3.034803,2.993334,14.562008,0.899594,0.899355,0.548865,0.425798,32.537300,0.311762,DC-A,SRVCHP_SBORC,R245fa,R1234ze(E),Air-cooled (Winter),SBORC,SRVCHP
119.038684,58.884809,9.575175,3.200809,2.842233,14.540917,0.899594,0.899634,0.549387,0.424340,33.141783,0.304754,DC-A,SRVCHP_SBORC,R245fa,R1234ze(E),Air-cooled (Winter),SBORC,SRVCHP
107.802333,59.986742,6.704743,3.195330,2.987635,14.745474,0.898197,0.899191,0.535305,0.384830,33.940200,0.228174,DC-A,SRVCHP_SBORC,R245fa,R134a,Air-cooled (Winter),SBORC,SRVCHP
81.347600,59.999977,8.993143,6.495394,2.948067,13.696569,0.899094,0.899717,0.549380,0.011147,34.320461,0.006374,DC-A,SRVCHP_SBORC,R245fa,R227ea,Air-cooled (Winter),SBORC,SRVCHP
81.347600,60.000000,6.439120,6.508078,2.948632,13.692550,0.899094,0.899723,0.549282,0.011642,34.320474,0.005536,DC-A,SRVCHP_SBORC,R245fa,R227ea,Air-cooled (Winter),SBORC,SRVCHP
82.675873,59.999070,0.199386,3.379436,2.944634,14.639552,0.898558,0.899689,0.547217,0.062831,34.302585,0.001650,DC-A,SRVCHP_SBORC,R245fa,R227ea,Air-cooled (Winter),SBORC,SRVCHP
88.157611,59.999589,6.265680,4.355142,2.454076,14.653290,0.899924,0.899622,0.548841,0.206883,34.229712,0.102991,DC-A,SRVCHP_SBORC,R245fa,R227ea,Air-cooled (Winter),SBORC,SRVCHP
91.230564,59.999957,4.853113,5.659780,2.297282,14.803519,0.899111,0.899719,0.546976,0.266775,34.187787,0.118410,DC-A,SRVCHP_SBORC,R245fa,R227ea,Air-cooled (Winter),SBORC,SRVCHP
83.490227,60.000000,2.789148,6.064755,2.994170,14.645072,0.899225,0.899603,0.549823,0.086901,34.292409,0.025007,DC-A,SRVCHP_SBORC,R245fa,R227ea,Air-cooled (Winter),SBORC,SRVCHP
92.461379,60.000000,6.595190,6.054889,2.780129,14.950010,0.894003,0.899694,0.546722,0.280627,34.170710,0.148975,DC-A,SRVCHP_SBORC,R245fa,R227ea,Air-cooled (Winter),SBORC,SRVCHP
87.206033,59.999722,1.808887,3.939211,2.958119,14.677808,0.898599,0.899826,0.548744,0.193064,34.242673,0.040905,DC-A,SRVCHP_SBORC,R245fa,R227ea,Air-cooled (Winter),SBORC,SRVCHP
99.758119,59.999400,7.084774,5.947676,2.969963,14.987559,0.893972,0.899720,0.539752,0.358860,34.066458,0.207834,DC-A,SRVCHP_SBORC,R245fa,R227ea,Air-cooled (Winter),SBORC,SRVCHP
112.119997,59.995077,15.474171,3.799197,2.431897,14.717004,0.897608,0.899646,0.547802,0.384601,33.879481,0.309497,DC-A,SRVCHP_SBORC,R245fa,R227ea,Air-cooled (Winter),SBORC,SRVCHP
97.179647,59.999695,15.338711,3.996825,1.216667,14.649857,0.893970,0.898768,0.549159,0.300783,34.103824,0.231372,DC-A,SRVCHP_SBORC,R245fa,R227ea,Air-cooled (Winter),SBORC,SRVCHP
84.510820,59.999902,15.425588,6.089045,2.980613,14.349119,0.898689,0.899709,0.547092,0.101152,34.278852,0.074182,DC-A,SRVCHP_SBORC,R245fa,R227ea,Air-cooled (Winter),SBORC,SRVCHP
92.813120,60.000000,3.965641,6.069660,1.199619,14.243739,0.899985,0.899716,0.540079,0.290280,34.165799,0.116957,DC-A,SRVCHP_SBORC,R245fa,R227ea,Air-cooled (Winter),SBORC,SRVCHP
85.669247,59.999678,15.107493,6.495394,2.967706,13.685783,0.899094,0.899717,0.549380,0.129258,34.263293,0.094604,DC-A,SRVCHP_SBORC,R245fa,R227ea,Air-cooled (Winter),SBORC,SRVCHP
86.654633,59.999678,5.490617,6.019557,2.967791,14.349119,0.898690,0.899753,0.546819,0.173864,34.250078,0.079464,DC-A,SRVCHP_SBORC,R245fa,R227ea,Air-cooled (Winter),SBORC,SRVCHP
87.578358,59.999678,9.044042,6.439874,1.009708,14.657469,0.898058,0.899614,0.546939,0.186429,34.237615,0.111748,DC-A,SRVCHP_SBORC,R245fa,R227ea,Air-cooled (Winter),SBORC,SRVCHP
88.569058,59.999124,2.846132,4.213384,2.453635,13.697766,0.898692,0.899717,0.546335,0.222087,34.223850,0.067480,DC-A,SRVCHP_SBORC,R245fa,R227ea,Air-cooled (Winter),SBORC,SRVCHP
85.895004,59.999678,4.489893,6.073539,2.966964,14.196033,0.899908,0.899624,0.547778,0.155121,34.260273,0.062752,DC-A,SRVCHP_SBORC,R245fa,R227ea,Air-cooled (Winter),SBORC,SRVCHP
96.612372,59.999676,8.459608,6.483999,2.936087,14.342207,0.898057,0.898872,0.547053,0.323868,34.111928,0.199379,DC-A,SRVCHP_SBORC,R245fa,R227ea,Air-cooled (Winter),SBORC,SRVCHP
84.732734,59.999684,15.473883,6.122774,2.420352,14.922547,0.899845,0.899629,0.549923,0.106578,34.275780,0.078267,DC-A,SRVCHP_SBORC,R245fa,R227ea,Air-cooled (Winter),SBORC,SRVCHP
82.695021,60.000000,0.227940,3.972787,2.484193,14.649857,0.898852,0.899689,0.547251,0.062226,34.302869,0.001883,DC-A,SRVCHP_SBORC,R245fa,R227ea,Air-cooled (Winter),SBORC,SRVCHP
83.279322,60.000000,6.207093,3.956462,2.946726,14.649857,0.898852,0.899689,0.549159,0.079714,34.295188,0.037788,DC-A,SRVCHP_SBORC,R245fa,R227ea,Air-cooled (Winter),SBORC,SRVCHP
100.660132,59.999181,14.830723,3.536811,2.448547,14.333115,0.893182,0.899594,0.548952,0.329946,34.053204,0.254361,DC-A,SRVCHP_SBORC,R245fa,R227ea,Air-cooled (Winter),SBORC,SRVCHP
82.023339,59.999684,0.558916,6.122774,2.420352,14.929756,0.898584,0.899629,0.549923,0.036199,34.311481,0.002647,DC-A,SRVCHP_SBORC,R245fa,R227ea,Air-cooled (Winter),SBORC,SRVCHP
96.847589,59.995952,4.587949,4.260274,2.929527,14.325367,0.898694,0.899598,0.547736,0.344969,34.106432,0.154674,DC-A,SRVCHP_SBORC,R245fa,R227ea,Air-cooled (Winter),SBORC,SRVCHP
81.975519,59.999070,17.922347,3.474011,2.502123,14.343754,0.898554,0.898591,0.546294,0.028400,34.311753,0.021685,DC-A,SRVCHP_SBORC,R245fa,R227ea,Air-cooled (Winter),SBORC,SRVCHP
94.617976,60.000000,6.595190,6.054881,2.777025,14.950010,0.898656,0.899695,0.546765,0.310718,34.140441,0.167313,DC-A,SRVCHP_SBORC,R245fa,R227ea,Air-cooled (Winter),SBORC,SRVCHP
81.975519,59.999048,8.926972,3.474011,2.453980,14.347750,0.899095,0.898591,0.549459,0.032737,34.311740,0.018760,DC-A,SRVCHP_SBORC,R245fa,R227ea,Air-cooled (Winter),SBORC,SRVCHP
85.835093,59.999678,15.437365,6.073539,2.962941,14.359321,0.898681,0.899695,0.549842,0.132437,34.261075,0.097698,DC-A,SRVCHP_SBORC,R245fa,R227ea,Air-cooled (Winter),SBORC,SRVCHP
111.689870,59.959793,6.480470,6.031481,2.368556,14.718682,0.899219,0.899695,0.547717,0.427973,33.865933,0.255038,DC-A,SRVCHP_SBORC,R245fa,R227ea,Air-cooled (Winter),SBORC,SRVCHP
88.569058,59.999714,2.846132,4.213384,2.944477,13.535825,0.898692,0.899717,0.546335,0.221763,34.224189,0.067398,DC-A,SRVCHP_SBORC,R245fa,R227ea,Air-cooled (Winter),SBORC,SRVCHP
94.614902,59.999678,0.375955,6.355681,2.993380,14.782963,0.899052,0.899620,0.547751,0.311662,34.140300,0.019345,DC-A,SRVCHP_SBORC,R245fa,R227ea,Air-cooled (Winter),SBORC,SRVCHP
97.582731,59.999678,5.300200,6.026818,2.366606,14.429530,0.894013,0.899590,0.547235,0.345352,34.098032,0.170726,DC-A,SRVCHP_SBORC,R245fa,R227ea,Air-cooled (Winter),SBORC,SRVCHP
85.719909,59.999722,9.044063,6.004811,2.982277,14.677808,0.898599,0.899630,0.549852,0.143437,34.262641,0.084892,DC-A,SRVCHP_SBORC,R245fa,R227ea,Air-cooled (Winter),SBORC,SRVCHP
86.899739,59.999678,5.490617,6.019557,2.453447,14.349119,0.898836,0.898911,0.539725,0.179420,34.246778,0.082188,DC-A,SRVCHP_SBORC,R245fa,R227ea,Air-cooled (Winter),SBORC,SRVCHP
95.454053,59.989376,18.028439,3.255931,2.741203,14.925043,0.898938,0.899941,0.549583,0.241875,34.122515,0.193148,DC-A,SRVCHP_SBORC,R600,R1234ze(E),Air-cooled (Winter),SBORC,SRVCHP
109.209649,59.999476,16.563235,3.720801,2.742679,13.202178,0.898936,0.899933,0.547302,0.354442,33.926234,0.287656,DC-A,SRVCHP_SBORC,R600,R1234ze(E),Air-cooled (Winter),SBORC,SRVCHP
112.030351,59.999863,13.434709,3.483775,2.760165,13.241750,0.899576,0.898751,0.547354,0.380540,33.883579,0.294973,DC-A,SRVCHP_SBORC,R600,R1234ze(E),Air-cooled (Winter),SBORC,SRVCHP
100.329015,59.999629,13.136666,3.146274,2.574702,14.921924,0.899909,0.899096,0.547354,0.308113,34.058286,0.227968,DC-A,SRVCHP_SBORC,R600,R1234ze(E),Air-cooled (Winter),SBORC,SRVCHP
81.331569,59.999763,9.340550,3.484293,2.949421,14.759100,0.899008,0.899835,0.548773,0.010511,34.320546,0.006123,DC-A,SRVCHP_SBORC,R600,R227ea,Air-cooled (Winter),SBORC,SRVCHP
81.331569,59.999763,3.453682,3.666800,2.971534,14.455460,0.898937,0.899904,0.548941,0.011660,34.320546,0.003658,DC-A,SRVCHP_SBORC,R600,R227ea,Air-cooled (Winter),SBORC,SRVCHP
94.092747,59.999847,9.360588,3.242759,2.812902,14.189785,0.899732,0.899904,0.548950,0.291937,34.147761,0.185028,DC-A,SRVCHP_SBORC,R600,R227ea,Air-cooled (Winter),SBORC,SRVCHP
101.212208,59.987764,9.214240,6.352202,2.914203,14.185401,0.897200,0.899953,0.542849,0.361694,34.038607,0.236480,DC-A,SRVCHP_SBORC,R600,R227ea,Air-cooled (Winter),SBORC,SRVCHP
85.527754,59.996624,3.220143,3.811378,2.562345,14.490962,0.899273,0.899893,0.549925,0.151334,34.263428,0.047825,DC-A,SRVCHP_SBORC,R600,R227ea,Air-cooled (Winter),SBORC,SRVCHP
89.371563,59.999848,6.846386,3.736685,2.808340,13.533001,0.899010,0.899868,0.549142,0.228722,34.213311,0.120814,DC-A,SRVCHP_SBORC,R600,R227ea,Air-cooled (Winter),SBORC,SRVCHP
83.579847,59.999071,6.916822,3.291851,2.953544,14.197425,0.899217,0.899865,0.549699,0.088298,34.290693,0.044666,DC-A,SRVCHP_SBORC,R600,R227ea,Air-cooled (Winter),SBORC,SRVCHP
90.413341,59.999764,4.756641,3.273993,2.814625,14.966205,0.899189,0.899723,0.549772,0.256202,34.198960,0.110455,DC-A,SRVCHP_SBORC,R600,R227ea,Air-cooled (Winter),SBORC,SRVCHP
91.362262,59.999768,5.668127,3.206325,2.846976,14.455759,0.899419,0.899863,0.549246,0.268386,34.185854,0.129682,DC-A,SRVCHP_SBORC,R600,R227ea,Air-cooled (Winter),SBORC,SRVCHP
91.362262,59.999768,5.668127,3.206325,2.846976,14.455759,0.899419,0.899863,0.549246,0.268386,34.185854,0.129682,DC-A,SRVCHP_SBORC,R600,R227ea,Air-cooled (Winter),SBORC,SRVCHP
87.810430,59.987764,9.192022,3.478053,2.914203,14.449263,0.897063,0.899953,0.549229,0.190411,34.227628,0.115265,DC-A,SRVCHP_SBORC,R600,R227ea,Air-cooled (Winter),SBORC,SRVCHP
89.731645,59.998948,4.274047,3.486074,2.908743,14.461546,0.899419,0.899863,0.549246,0.245517,34.207861,0.098236,DC-A,SRVCHP_SBORC,R600,R227ea,Air-cooled (Winter),SBORC,SRVCHP
81.750269,59.999675,16.178230,3.100087,2.853273,14.448169,0.899758,0.899760,0.548848,0.022771,34.315041,0.016768,DC-A,SRVCHP_SBORC,R600,R227ea,Air-cooled (Winter),SBORC,SRVCHP
82.983582,59.999763,3.453682,3.669757,2.960659,14.457016,0.898974,0.899863,0.548937,0.073428,34.298943,0.023534,DC-A,SRVCHP_SBORC,R600,R227ea,Air-cooled (Winter),SBORC,SRVCHP
94.745146,59.996777,4.660387,3.289638,2.902012,14.449269,0.896725,0.899954,0.546866,0.320658,34.136797,0.142404,DC-A,SRVCHP_SBORC,R600,R227ea,Air-cooled (Winter),SBORC,SRVCHP
101.444734,59.996568,7.361780,3.198852,2.825178,14.494631,0.896729,0.899882,0.549268,0.371831,34.040241,0.221356,DC-A,SRVCHP_SBORC,R600,R227ea,Air-cooled (Winter),SBORC,SRVCHP
94.680248,59.987481,9.335813,3.196442,2.959076,14.453717,0.896729,0.899891,0.549107,0.298731,34.132384,0.189907,DC-A,SRVCHP_SBORC,R600,R227ea,Air-cooled (Winter),SBORC,SRVCHP
83.851252,59.999764,4.312622,3.673456,2.958215,14.457423,0.895600,0.899956,0.548905,0.100767,34.287507,0.038130,DC-A,SRVCHP_SBORC,R600,R227ea,Air-cooled (Winter),SBORC,SRVCHP
111.260770,59.825215,4.773791,3.290872,0.594926,14.887593,0.899260,0.899721,0.549746,0.439218,33.795741,0.224722,DC-A,SRVCHP_SBORC,R600,R227ea,Air-cooled (Winter),SBORC,SRVCHP
82.234904,59.998209,16.200448,3.246835,2.846583,14.182887,0.899681,0.899763,0.548937,0.037780,34.307867,0.027895,DC-A,SRVCHP_SBORC,R600,R227ea,Air-cooled (Winter),SBORC,SRVCHP
90.189283,59.999768,4.274047,3.206325,2.908743,14.455759,0.899419,0.899863,0.549246,0.253908,34.202046,0.102095,DC-A,SRVCHP_SBORC,R600,R227ea,Air-cooled (Winter),SBORC,SRVCHP
97.498647,59.996777,6.945530,3.663754,2.974694,14.553423,0.899043,0.899961,0.540356,0.340592,34.097578,0.192115,DC-A,SRVCHP_SBORC,R600,R227ea,Air-cooled (Winter),SBORC,SRVCHP
85.063004,59.999764,6.911650,3.656186,2.807813,14.919649,0.898957,0.899863,0.549253,0.131263,34.271432,0.067188,DC-A,SRVCHP_SBORC,R600,R227ea,Air-cooled (Winter),SBORC,SRVCHP
87.983643,59.999726,4.350561,3.791006,2.553527,13.550866,0.899002,0.899951,0.548922,0.209572,34.232152,0.083375,DC-A,SRVCHP_SBORC,R600,R227ea,Air-cooled (Winter),SBORC,SRVCHP
84.628557,59.996624,9.361073,3.214612,2.553112,14.297976,0.896606,0.899830,0.548921,0.114147,34.275404,0.068251,DC-A,SRVCHP_SBORC,R600,R227ea,Air-cooled (Winter),SBORC,SRVCHP
82.774838,59.999207,5.669327,3.217566,2.846976,14.495169,0.899419,0.899882,0.549246,0.063712,34.301365,0.028418,DC-A,SRVCHP_SBORC,R600,R227ea,Air-cooled (Winter),SBORC,SRVCHP
113.996021,59.985263,10.799043,3.301159,2.959079,14.107213,0.896714,0.899955,0.548897,0.411888,33.845158,0.301360,DC-A,SRVCHP_SBORC,R600,R227ea,Air-cooled (Winter),SBORC,SRVCHP
84.762437,59.996624,10.322936,3.811378,2.559711,14.297976,0.896606,0.899830,0.549943,0.116055,34.273625,0.072656,DC-A,SRVCHP_SBORC,R600,R227ea,Air-cooled (Winter),SBORC,SRVCHP
86.583338,59.999848,6.870959,3.250342,0.632042,13.591359,0.895554,0.899763,0.549713,0.169285,34.251135,0.087743,DC-A,SRVCHP_SBORC,R600,R227ea,Air-cooled (Winter),SBORC,SRVCHP
89.247456,59.998948,4.295782,3.296161,2.914442,14.461546,0.899419,0.899863,0.549246,0.236048,34.214492,0.094303,DC-A,SRVCHP_SBORC,R600,R227ea,Air-cooled (Winter),SBORC,SRVCHP
85.944579,59.999723,3.266758,3.235785,2.568392,14.490962,0.895395,0.899893,0.549906,0.163400,34.259635,0.052166,DC-A,SRVCHP_SBORC,R600,R227ea,Air-cooled (Winter),SBORC,SRVCHP
82.987022,59.999071,6.916822,3.291851,2.960645,14.197425,0.899219,0.899865,0.549699,0.069484,34.298500,0.034965,DC-A,SRVCHP_SBORC,R600,R227ea,Air-cooled (Winter),SBORC,SRVCHP
86.725133,59.999848,6.902346,3.220305,0.604405,14.501986,0.895530,0.899763,0.549713,0.172837,34.249227,0.089843,DC-A,SRVCHP_SBORC,R600,R227ea,Air-cooled (Winter),SBORC,SRVCHP
81.402078,59.999763,11.028106,3.137693,2.841498,14.455892,0.898891,0.899859,0.549244,0.012513,34.319628,0.007895,DC-A,SRVCHP_SBORC,R600,R227ea,Air-cooled (Winter),SBORC,SRVCHP
111.145580,59.994047,8.887609,3.290872,0.503978,14.214964,0.897051,0.899860,0.549231,0.415658,33.893754,0.281257,DC-A,SRVCHP_SBORC,R600,R227ea,Air-cooled (Winter),SBORC,SRVCHP
105.294938,59.999483,16.558132,3.502056,2.715409,14.758908,0.895950,0.899834,0.548787,0.353561,33.985024,0.283962,DC-A,SRVCHP_SBORC,R600,R227ea,Air-cooled (Winter),SBORC,SRVCHP
89.360897,59.999832,9.306553,3.736685,2.847776,14.448081,0.899008,0.899868,0.546761,0.220231,34.213447,0.135307,DC-A,SRVCHP_SBORC,R600,R227ea,Air-cooled (Winter),SBORC,SRVCHP
83.843587,59.999071,10.272619,3.291851,2.953544,14.197425,0.899217,0.899865,0.549699,0.091157,34.287211,0.056573,DC-A,SRVCHP_SBORC,R600,R227ea,Air-cooled (Winter),SBORC,SRVCHP
101.163841,59.999768,5.534432,3.206325,2.846976,14.461865,0.899468,0.899863,0.542893,0.379439,34.046183,0.195542,DC-A,SRVCHP_SBORC,R600,R227ea,Air-cooled (Winter),SBORC,SRVCHP
85.063004,59.999764,2.466239,3.656186,2.807813,14.949527,0.898957,0.899864,0.549258,0.138713,34.271432,0.035937,DC-A,SRVCHP_SBORC,R600,R227ea,Air-cooled (Winter),SBORC,SRVCHP
97.309771,59.999848,6.846386,3.735526,0.518027,13.533001,0.899010,0.899868,0.549176,0.342073,34.102046,0.191543,DC-A,SRVCHP_SBORC,R600,R227ea,Air-cooled (Winter),SBORC,SRVCHP
86.980919,59.999801,6.946964,3.656546,2.806769,14.919649,0.899015,0.899962,0.549141,0.179086,34.245755,0.093409,DC-A,SRVCHP_SBORC,R600,R227ea,Air-cooled (Winter),SBORC,SRVCHP
109.029378,59.999925,18.433480,11.745495,2.992539,14.607293,0.899498,0.899079,0.548836,0.345469,33.929216,0.286373,DC-A,SRVCHP_SRORC,R1233zd(E),R1234ze(E),Air-cooled (Winter),SRORC,SRVCHP
82.060039,15.691347,4.817288,3.049535,2.991812,13.211406,0.899436,0.899979,0.549273,0.546773,8.910336,0.234307,DC-A,SRVCHP_SRORC,R1233zd(E),R1234ze(E),Air-cooled (Winter),SRORC,SRVCHP
80.606874,15.751122,1.544826,3.041227,2.831716,13.442067,0.899609,0.899963,0.549118,0.565782,8.950235,0.103435,DC-A,SRVCHP_SRORC,R1233zd(E),R1234ze(E),Air-cooled (Winter),SRORC,SRVCHP
96.751689,18.086135,17.789417,13.254013,2.992654,13.194037,0.899473,0.899083,0.549787,0.440529,10.205982,0.361110,DC-A,SRVCHP_SRORC,R1233zd(E),R1234ze(E),Air-cooled (Winter),SRORC,SRVCHP
115.710252,59.993916,0.834557,3.559193,2.830104,14.709888,0.899334,0.899102,0.548398,0.448162,33.823701,0.071512,DC-A,SRVCHP_SRORC,R1233zd(E),R1234ze(E),Air-cooled (Winter),SRORC,SRVCHP
96.189344,25.405788,2.018136,3.013099,2.848350,14.778615,0.899581,0.899985,0.549758,0.528842,14.362194,0.144832,DC-A,SRVCHP_SRORC,R1233zd(E),R1234ze(E),Air-cooled (Winter),SRORC,SRVCHP
84.002571,18.340369,2.006711,3.012964,2.995350,14.825703,0.899512,0.899759,0.546230,0.556376,10.411113,0.130552,DC-A,SRVCHP_SRORC,R1233zd(E),R1234ze(E),Air-cooled (Winter),SRORC,SRVCHP
96.561041,22.346200,2.633993,3.044223,2.979779,14.681633,0.899818,0.899187,0.548204,0.534943,12.622436,0.178479,DC-A,SRVCHP_SRORC,R1233zd(E),R1234ze(E),Air-cooled (Winter),SRORC,SRVCHP
109.535218,59.985654,3.129130,3.118659,2.990983,14.724458,0.899518,0.899818,0.548178,0.417407,33.913420,0.164232,DC-A,SRVCHP_SRORC,R1233zd(E),R1234ze(E),Air-cooled (Winter),SRORC,SRVCHP
84.283377,18.987139,1.930015,3.012964,2.971620,14.876131,0.899478,0.899777,0.548167,0.553675,10.778310,0.126416,DC-A,SRVCHP_SRORC,R1233zd(E),R1234ze(E),Air-cooled (Winter),SRORC,SRVCHP
94.951574,23.585538,8.467379,3.005074,2.960163,14.952358,0.899748,0.899115,0.548310,0.492019,13.335887,0.311934,DC-A,SRVCHP_SRORC,R1233zd(E),R1234ze(E),Air-cooled (Winter),SRORC,SRVCHP
81.087586,16.363223,2.102068,3.053621,2.839423,13.461826,0.899397,0.899943,0.547583,0.562375,9.297209,0.132103,DC-A,SRVCHP_SRORC,R1233zd(E),R1234ze(E),Air-cooled (Winter),SRORC,SRVCHP
94.951574,23.239065,8.467379,3.049503,2.960163,14.952358,0.896337,0.899963,0.548310,0.491985,13.139046,0.312440,DC-A,SRVCHP_SRORC,R1233zd(E),R1234ze(E),Air-cooled (Winter),SRORC,SRVCHP
96.751689,19.214636,17.789417,13.254013,2.991636,13.191367,0.899395,0.899087,0.549780,0.439214,10.845414,0.359760,DC-A,SRVCHP_SRORC,R1233zd(E),R1234ze(E),Air-cooled (Winter),SRORC,SRVCHP
96.561041,22.644285,2.663431,3.009542,2.974005,14.681633,0.899110,0.899903,0.548176,0.534714,12.791605,0.179619,DC-A,SRVCHP_SRORC,R1233zd(E),R1234ze(E),Air-cooled (Winter),SRORC,SRVCHP
96.751689,17.811197,5.959636,3.087764,2.970213,13.194037,0.899472,0.899083,0.549774,0.515865,10.050241,0.284725,DC-A,SRVCHP_SRORC,R1233zd(E),R1234ze(E),Air-cooled (Winter),SRORC,SRVCHP
111.572407,59.999323,3.573477,3.488217,2.991317,14.715461,0.899481,0.899861,0.548823,0.427703,33.890259,0.185787,DC-A,SRVCHP_SRORC,R1233zd(E),R1234ze(E),Air-cooled (Winter),SRORC,SRVCHP
84.329458,17.807549,4.681057,3.063260,2.970936,14.874948,0.899326,0.899914,0.549282,0.542408,10.106056,0.232147,DC-A,SRVCHP_SRORC,R1233zd(E),R1234ze(E),Air-cooled (Winter),SRORC,SRVCHP
97.471707,25.307784,6.313822,3.061775,2.870861,14.663913,0.896337,0.899978,0.549734,0.501777,14.297980,0.282710,DC-A,SRVCHP_SRORC,R1233zd(E),R1234ze(E),Air-cooled (Winter),SRORC,SRVCHP
110.102188,27.344118,3.266749,3.076248,2.857602,14.723890,0.899457,0.899911,0.547736,0.505075,15.363358,0.218303,DC-A,SRVCHP_SRORC,R1233zd(E),R1234ze(E),Air-cooled (Winter),SRORC,SRVCHP
92.255121,20.933844,1.923007,3.013231,2.876692,14.877934,0.899478,0.899908,0.548215,0.543148,11.844865,0.137877,DC-A,SRVCHP_SRORC,R1233zd(E),R1234ze(E),Air-cooled (Winter),SRORC,SRVCHP
85.034315,19.491102,1.923007,3.012964,2.972422,14.876131,0.899478,0.899724,0.548167,0.551408,11.061767,0.126828,DC-A,SRVCHP_SRORC,R1233zd(E),R1234ze(E),Air-cooled (Winter),SRORC,SRVCHP
91.330758,15.870221,2.855887,3.002987,2.981610,12.851631,0.899889,0.899502,0.547493,0.554766,8.974004,0.187418,DC-A,SRVCHP_SRORC,R1233zd(E),R227ea,Air-cooled (Winter),SRORC,SRVCHP
97.957546,17.326453,17.014546,7.669283,2.992514,12.835223,0.899837,0.899895,0.548717,0.445270,9.770147,0.362850,DC-A,SRVCHP_SRORC,R1233zd(E),R227ea,Air-cooled (Winter),SRORC,SRVCHP
96.266895,15.422773,9.969850,3.028385,2.982484,12.851661,0.899885,0.899486,0.547493,0.483343,8.700012,0.335963,DC-A,SRVCHP_SRORC,R1233zd(E),R227ea,Air-cooled (Winter),SRORC,SRVCHP
119.838839,58.223989,17.535073,3.010711,2.989094,14.977133,0.899892,0.899933,0.540102,0.424366,32.754155,0.356660,DC-A,SRVCHP_SRORC,R1233zd(E),R227ea,Air-cooled (Winter),SRORC,SRVCHP
90.973383,22.177833,6.094015,3.385089,2.861131,14.992917,0.899732,0.899888,0.546690,0.518975,12.559376,0.273826,DC-A,SRVCHP_SRORC,R1233zd(E),R227ea,Air-cooled (Winter),SRORC,SRVCHP
116.229769,53.219580,3.360876,3.225658,2.981606,14.913583,0.899510,0.899887,0.547512,0.494583,29.963489,0.217328,DC-A,SRVCHP_SRORC,R1233zd(E),R227ea,Air-cooled (Winter),SRORC,SRVCHP
116.043486,52.237210,5.044223,3.077893,2.987870,14.968653,0.899793,0.899697,0.540102,0.484959,29.407926,0.265516,DC-A,SRVCHP_SRORC,R1233zd(E),R227ea,Air-cooled (Winter),SRORC,SRVCHP
116.043486,52.237210,5.044223,3.077893,2.987870,14.968653,0.899793,0.899697,0.540102,0.484959,29.407926,0.265516,DC-A,SRVCHP_SRORC,R1233zd(E),R227ea,Air-cooled (Winter),SRORC,SRVCHP
118.738652,56.515056,9.080162,3.521589,2.856388,14.998510,0.896171,0.899491,0.547340,0.463671,31.799847,0.326563,DC-A,SRVCHP_SRORC,R1233zd(E),R227ea,Air-cooled (Winter),SRORC,SRVCHP
116.234440,49.801377,3.196750,3.094944,2.981385,14.712163,0.899986,0.899893,0.547498,0.500703,28.022098,0.214956,DC-A,SRVCHP_SRORC,R1233zd(E),R227ea,Air-cooled (Winter),SRORC,SRVCHP
104.968906,59.999554,0.812058,3.207647,2.694902,14.964647,0.899854,0.899897,0.547605,0.403978,33.989919,0.054983,DC-A,SRVCHP_SRORC,R1233zd(E),R227ea,Air-cooled (Winter),SRORC,SRVCHP
105.192708,33.622143,13.186803,3.025895,2.921787,14.917122,0.899365,0.899882,0.547481,0.452762,18.958551,0.347972,DC-A,SRVCHP_SRORC,R1233zd(E),R227ea,Air-cooled (Winter),SRORC,SRVCHP
109.325508,59.999535,16.637794,3.094104,2.984822,14.968893,0.899829,0.899881,0.542864,0.369747,33.924514,0.300332,DC-A,SRVCHP_SRORC,R1233zd(E),R227ea,Air-cooled (Winter),SRORC,SRVCHP
105.007368,59.997435,6.036285,3.338983,2.987640,14.975191,0.896189,0.899418,0.547889,0.387098,33.988136,0.213951,DC-A,SRVCHP_SRORC,R1233zd(E),R227ea,Air-cooled (Winter),SRORC,SRVCHP
90.318882,25.469786,5.602526,3.001000,2.987571,14.933605,0.899730,0.899508,0.546939,0.512296,14.437482,0.255566,DC-A,SRVCHP_SRORC,R1233zd(E),R227ea,Air-cooled (Winter),SRORC,SRVCHP
100.646323,29.770709,10.642144,3.206982,2.912873,13.100389,0.899759,0.899547,0.547624,0.468700,16.809666,0.332822,DC-A,SRVCHP_SRORC,R1233zd(E),R227ea,Air-cooled (Winter),SRORC,SRVCHP
92.173345,25.945595,0.831609,3.016378,2.989110,14.780590,0.899873,0.899848,0.547560,0.533728,14.696130,0.067452,DC-A,SRVCHP_SRORC,R1233zd(E),R227ea,Air-cooled (Winter),SRORC,SRVCHP
115.181250,44.878726,15.967043,3.078998,2.983735,14.953347,0.897612,0.899838,0.547488,0.434165,25.242027,0.357146,DC-A,SRVCHP_SRORC,R1233zd(E),R227ea,Air-cooled (Winter),SRORC,SRVCHP
115.373159,59.999588,18.492578,3.508695,2.984128,14.979109,0.896786,0.899678,0.547904,0.397093,33.832128,0.334254,DC-A,SRVCHP_SRORC,R1233zd(E),R227ea,Air-cooled (Winter),SRORC,SRVCHP
109.888070,38.462926,2.456180,3.087267,2.979901,14.988528,0.899605,0.899501,0.542776,0.508722,21.660898,0.179802,DC-A,SRVCHP_SRORC,R1233zd(E),R227ea,Air-cooled (Winter),SRORC,SRVCHP
106.752103,59.996423,2.780330,3.094540,2.987743,14.917701,0.899704,0.899441,0.547977,0.418808,33.961500,0.149114,DC-A,SRVCHP_SRORC,R1233zd(E),R227ea,Air-cooled (Winter),SRORC,SRVCHP
111.468859,39.555446,4.456422,3.556578,2.914897,14.934386,0.899770,0.899395,0.540133,0.497981,22.264332,0.253290,DC-A,SRVCHP_SRORC,R1233zd(E),R227ea,Air-cooled (Winter),SRORC,SRVCHP
91.605947,24.982344,4.733425,3.014328,2.987567,14.919648,0.899599,0.899508,0.546939,0.521888,14.151486,0.239257,DC-A,SRVCHP_SRORC,R1233zd(E),R227ea,Air-cooled (Winter),SRORC,SRVCHP
110.032759,36.980227,7.943807,3.096637,2.854647,14.978826,0.899884,0.899481,0.547355,0.479539,20.818511,0.316186,DC-A,SRVCHP_SRORC,R1233zd(E),R227ea,Air-cooled (Winter),SRORC,SRVCHP
118.977947,55.433107,9.469655,3.173650,2.834668,14.975607,0.896195,0.899408,0.547486,0.462416,31.181859,0.330938,DC-A,SRVCHP_SRORC,R1233zd(E),R227ea,Air-cooled (Winter),SRORC,SRVCHP
92.173345,27.254662,0.619582,3.025538,2.919719,14.919815,0.899595,0.899382,0.547472,0.528964,15.441604,0.051271,DC-A,SRVCHP_SRORC,R1233zd(E),R227ea,Air-cooled (Winter),SRORC,SRVCHP
95.924779,28.058551,2.661337,3.020761,2.931872,14.987872,0.899439,0.899910,0.546575,0.528585,15.872229,0.173985,DC-A,SRVCHP_SRORC,R1233zd(E),R227ea,Air-cooled (Winter),SRORC,SRVCHP
115.184343,44.703254,16.001693,7.792332,2.985435,14.975024,0.896026,0.899486,0.547492,0.434774,25.142477,0.357677,DC-A,SRVCHP_SRORC,R1233zd(E),R227ea,Air-cooled (Winter),SRORC,SRVCHP
104.466676,20.561264,13.420095,3.005849,2.992660,14.953481,0.899829,0.899507,0.546939,0.458289,11.566674,0.356790,DC-A,SRVCHP_SRORC,R1233zd(E),R227ea,Air-cooled (Winter),SRORC,SRVCHP
116.791274,59.859574,16.907985,3.077893,2.856893,14.945745,0.899793,0.899697,0.540102,0.410903,33.730572,0.340319,DC-A,SRVCHP_SRORC,R1233zd(E),R227ea,Air-cooled (Winter),SRORC,SRVCHP
119.691713,59.720165,17.292575,3.002987,2.992832,14.919526,0.899889,0.899529,0.547493,0.423455,33.606442,0.354508,DC-A,SRVCHP_SRORC,R1233zd(E),R227ea,Air-cooled (Winter),SRORC,SRVCHP
95.924779,28.586457,0.093906,3.010677,2.855559,14.940346,0.899759,0.899834,0.540078,0.526427,16.172547,0.008942,DC-A,SRVCHP_SRORC,R1233zd(E),R227ea,Air-cooled (Winter),SRORC,SRVCHP
90.318882,26.296620,4.478727,3.000674,2.977889,14.934595,0.899726,0.899506,0.546918,0.518632,14.908597,0.226559,DC-A,SRVCHP_SRORC,R1233zd(E),R227ea,Air-cooled (Winter),SRORC,SRVCHP
114.352045,45.942811,0.110918,3.025538,2.919171,14.920027,0.899595,0.899382,0.547457,0.503068,25.855624,0.012589,DC-A,SRVCHP_SRORC,R1233zd(E),R227ea,Air-cooled (Winter),SRORC,SRVCHP
109.303914,43.139698,3.070809,3.091905,2.975789,14.991548,0.899452,0.899505,0.541769,0.502095,24.322721,0.200979,DC-A,SRVCHP_SRORC,R1233zd(E),R227ea,Air-cooled (Winter),SRORC,SRVCHP
109.303914,43.139698,3.070809,3.091905,2.975789,14.991548,0.899452,0.899505,0.541769,0.502095,24.322721,0.200979,DC-A,SRVCHP_SRORC,R1233zd(E),R227ea,Air-cooled (Winter),SRORC,SRVCHP
104.968906,59.999554,7.847348,3.207647,2.694902,14.964647,0.899854,0.899897,0.546385,0.379628,33.989919,0.236448,DC-A,SRVCHP_SRORC,R1233zd(E),R227ea,Air-cooled (Winter),SRORC,SRVCHP
89.454675,23.438099,4.478727,3.002276,2.982416,14.851166,0.899699,0.899513,0.546995,0.528111,13.285687,0.229871,DC-A,SRVCHP_SRORC,R1233zd(E),R227ea,Air-cooled (Winter),SRORC,SRVCHP
110.046039,36.839758,3.356693,3.205253,2.699882,12.412599,0.899748,0.899681,0.546355,0.503440,20.738736,0.218204,DC-A,SRVCHP_SRORC,R1233zd(E),R227ea,Air-cooled (Winter),SRORC,SRVCHP
111.880078,39.590233,0.431450,3.208772,2.842521,14.935793,0.897913,0.899369,0.547467,0.503561,22.279762,0.045536,DC-A,SRVCHP_SRORC,R1233zd(E),R227ea,Air-cooled (Winter),SRORC,SRVCHP
100.458969,31.088370,9.502597,3.394017,2.918040,14.919224,0.899434,0.899392,0.547487,0.476457,17.559788,0.323215,DC-A,SRVCHP_SRORC,R1233zd(E),R227ea,Air-cooled (Winter),SRORC,SRVCHP
95.879053,28.530127,2.539663,3.010159,2.855049,14.681399,0.899610,0.899264,0.540078,0.525679,16.140839,0.167502,DC-A,SRVCHP_SRORC,R1233zd(E),R227ea,Air-cooled (Winter),SRORC,SRVCHP
104.463220,21.356489,13.427479,3.001968,2.841844,14.994774,0.897393,0.899507,0.547484,0.456989,12.016095,0.355780,DC-A,SRVCHP_SRORC,R1233zd(E),R227ea,Air-cooled (Winter),SRORC,SRVCHP
104.483904,35.232513,2.716756,3.209084,2.981363,12.695463,0.899734,0.899499,0.547775,0.509401,19.879413,0.184924,DC-A,SRVCHP_SRORC,R1233zd(E),R227ea,Air-cooled (Winter),SRORC,SRVCHP
96.370019,59.999535,18.429278,3.505438,2.858356,14.982433,0.896004,0.899383,0.540282,0.242644,34.115306,0.195380,DC-A,SRVCHP_SRORC,R1233zd(E),R227ea,Air-cooled (Winter),SRORC,SRVCHP
91.297628,19.243347,2.838661,3.168773,2.986758,14.953517,0.897673,0.899494,0.549008,0.550598,10.889331,0.183176,DC-A,SRVCHP_SRORC,R1233zd(E),R227ea,Air-cooled (Winter),SRORC,SRVCHP
109.248718,59.996079,0.163385,3.092636,2.993869,13.016454,0.899843,0.899504,0.540894,0.435611,33.923704,0.014270,DC-A,SRVCHP_SRORC,R1233zd(E),R227ea,Air-cooled (Winter),SRORC,SRVCHP
114.352045,46.302215,10.116734,3.028743,2.919171,14.834153,0.899595,0.899145,0.547457,0.461460,26.059604,0.334343,DC-A,SRVCHP_SRORC,R1233zd(E),R227ea,Air-cooled (Winter),SRORC,SRVCHP
116.041050,47.217664,7.518656,3.084645,2.987919,14.813920,0.898029,0.899960,0.547166,0.476921,26.558311,0.313249,DC-A,SRVCHP_SRORC,R1233zd(E),R227ea,Air-cooled (Winter),SRORC,SRVCHP
105.294791,34.562701,3.004175,3.340073,2.993443,12.712617,0.899761,0.899499,0.547775,0.509584,19.491568,0.199059,DC-A,SRVCHP_SRORC,R1233zd(E),R227ea,Air-cooled (Winter),SRORC,SRVCHP
90.861891,18.723305,7.475731,3.341491,2.993149,14.966055,0.897637,0.899529,0.547518,0.515408,10.596034,0.302886,DC-A,SRVCHP_SRORC,R1233zd(E),R227ea,Air-cooled (Winter),SRORC,SRVCHP
90.861891,19.393190,7.475731,3.210502,2.981069,14.966055,0.897610,0.899529,0.547518,0.513853,10.976678,0.301718,DC-A,SRVCHP_SRORC,R1233zd(E),R227ea,Air-cooled (Winter),SRORC,SRVCHP
96.535071,59.999535,16.637794,3.104816,2.914718,14.953518,0.897778,0.899879,0.542864,0.250640,34.112951,0.196422,DC-A,SRVCHP_SRORC,R1233zd(E),R227ea,Air-cooled (Winter),SRORC,SRVCHP
97.284732,18.632975,2.862739,3.010261,2.855049,14.981754,0.897714,0.899534,0.543287,0.542145,10.513165,0.194096,DC-A,SRVCHP_SRORC,R1233zd(E),R227ea,Air-cooled (Winter),SRORC,SRVCHP
115.297004,47.383363,7.489798,3.169955,2.992441,12.904317,0.897658,0.899504,0.547181,0.473046,26.661582,0.309965,DC-A,SRVCHP_SRORC,R1233zd(E),R227ea,Air-cooled (Winter),SRORC,SRVCHP
105.384337,33.018847,6.094015,3.222801,2.981336,14.992917,0.899348,0.899888,0.547466,0.496675,18.614485,0.286396,DC-A,SRVCHP_SRORC,R1233zd(E),R227ea,Air-cooled (Winter),SRORC,SRVCHP
119.735608,59.062101,17.347934,3.229292,2.977711,14.995505,0.899637,0.899443,0.543249,0.424030,33.231852,0.355364,DC-A,SRVCHP_SRORC,R1233zd(E),R227ea,Air-cooled (Winter),SRORC,SRVCHP
109.833552,32.593352,3.071984,3.092064,2.857519,14.991840,0.899792,0.899690,0.540157,0.510802,18.334662,0.209745,DC-A,SRVCHP_SRORC,R1233zd(E),R227ea,Air-cooled (Winter),SRORC,SRVCHP
100.369313,30.587181,9.502597,3.394017,2.918671,14.920174,0.899919,0.899392,0.547119,0.477469,17.275707,0.323881,DC-A,SRVCHP_SRORC,R1233zd(E),R227ea,Air-cooled (Winter),SRORC,SRVCHP
92.173345,27.254662,0.831609,3.025538,2.919301,14.919743,0.899595,0.899382,0.547472,0.528963,15.441604,0.066608,DC-A,SRVCHP_SRORC,R1233zd(E),R227ea,Air-cooled (Winter),SRORC,SRVCHP
95.480441,16.838685,2.855887,3.002327,2.981658,12.942881,0.899893,0.899497,0.547423,0.545137,9.505166,0.192821,DC-A,SRVCHP_SRORC,R1233zd(E),R227ea,Air-cooled (Winter),SRORC,SRVCHP
116.215385,48.062439,9.469655,3.186013,2.834668,14.975607,0.896161,0.899953,0.547486,0.465217,27.035419,0.331882,DC-A,SRVCHP_SRORC,R1233zd(E),R227ea,Air-cooled (Winter),SRORC,SRVCHP
116.395223,48.809748,6.153649,3.186087,2.987771,14.810301,0.898033,0.899951,0.546652,0.483865,27.457188,0.292681,DC-A,SRVCHP_SRORC,R1233zd(E),R227ea,Air-cooled (Winter),SRORC,SRVCHP
116.234440,49.801377,3.361432,3.204195,2.982375,14.712163,0.899986,0.899688,0.547498,0.499622,28.022098,0.220984,DC-A,SRVCHP_SRORC,R1233zd(E),R227ea,Air-cooled (Winter),SRORC,SRVCHP
119.895572,59.999535,5.343600,3.219714,2.984479,14.953356,0.895506,0.899879,0.542907,0.481111,33.762025,0.274379,DC-A,SRVCHP_SRORC,R1233zd(E),R227ea,Air-cooled (Winter),SRORC,SRVCHP
111.386991,40.314032,5.981904,3.188561,2.990041,14.975960,0.899759,0.899491,0.542256,0.488528,22.695472,0.286747,DC-A,SRVCHP_SRORC,R1233zd(E),R227ea,Air-cooled (Winter),SRORC,SRVCHP
106.696135,59.933334,3.015336,3.392791,2.843132,12.889644,0.897995,0.899864,0.546992,0.415506,33.926309,0.156887,DC-A,SRVCHP_SRORC,R1233zd(E),R227ea,Air-cooled (Winter),SRORC,SRVCHP
90.318882,23.438099,4.478727,3.000674,2.982416,14.931409,0.899726,0.899513,0.546939,0.528555,13.280445,0.232026,DC-A,SRVCHP_SRORC,R1233zd(E),R227ea,Air-cooled (Winter),SRORC,SRVCHP
91.330758,15.887974,2.855887,3.002987,2.987976,12.851631,0.899889,0.899502,0.540497,0.553973,8.984077,0.187143,DC-A,SRVCHP_SRORC,R1233zd(E),R227ea,Air-cooled (Winter),SRORC,SRVCHP
95.924779,28.410986,0.313213,3.010677,2.855559,14.940346,0.899759,0.899492,0.540078,0.526697,16.072718,0.028715,DC-A,SRVCHP_SRORC,R1233zd(E),R227ea,Air-cooled (Winter),SRORC,SRVCHP
115.253740,48.893359,6.242215,3.183784,2.987437,14.979903,0.898088,0.899951,0.547178,0.481711,27.519279,0.291293,DC-A,SRVCHP_SRORC,R1233zd(E),R227ea,Air-cooled (Winter),SRORC,SRVCHP
96.211099,16.838685,2.855887,3.002327,2.981658,12.942881,0.899893,0.899497,0.547423,0.543492,9.501905,0.193819,DC-A,SRVCHP_SRORC,R1233zd(E),R227ea,Air-cooled (Winter),SRORC,SRVCHP
100.471612,33.701046,9.380249,3.221820,2.982610,14.966520,0.899435,0.899886,0.546723,0.472215,19.045111,0.317895,DC-A,SRVCHP_SRORC,R1233zd(E),R227ea,Air-cooled (Winter),SRORC,SRVCHP
111.386991,40.314032,6.202677,3.188561,2.924147,14.975960,0.899759,0.899489,0.547405,0.487635,22.695472,0.290934,DC-A,SRVCHP_SRORC,R1233zd(E),R227ea,Air-cooled (Winter),SRORC,SRVCHP
90.310218,24.982344,4.469271,3.000674,2.987567,14.919648,0.899599,0.899508,0.546939,0.523396,14.159866,0.228861,DC-A,SRVCHP_SRORC,R1233zd(E),R227ea,Air-cooled (Winter),SRORC,SRVCHP
89.211037,19.834027,7.695412,3.060245,2.826693,14.877508,0.899809,0.898488,0.540720,0.503772,11.235762,0.296914,DC-A,SRVCHP_SRORC,R245fa,R1234ze(E),Air-cooled (Winter),SRORC,SRVCHP
89.674553,18.164736,8.140177,3.224614,2.828111,14.715014,0.899172,0.899051,0.541203,0.504512,10.284359,0.307089,DC-A,SRVCHP_SRORC,R245fa,R1234ze(E),Air-cooled (Winter),SRORC,SRVCHP
95.052566,21.068609,2.781893,3.479650,2.843991,14.902436,0.899699,0.899908,0.541002,0.531972,11.905977,0.183333,DC-A,SRVCHP_SRORC,R245fa,R1234ze(E),Air-cooled (Winter),SRORC,SRVCHP
77.335233,15.086357,2.138633,3.014379,2.996648,12.858881,0.899688,0.899533,0.543938,0.569285,8.583828,0.128503,DC-A,SRVCHP_SRORC,R245fa,R227ea,Air-cooled (Winter),SRORC,SRVCHP
99.195785,19.474088,18.097767,11.870048,2.976751,14.256788,0.899111,0.899959,0.548708,0.436554,10.979846,0.361669,DC-A,SRVCHP_SRORC,R245fa,R227ea,Air-cooled (Winter),SRORC,SRVCHP
78.057726,15.003529,4.429304,3.033872,2.909168,12.204699,0.899038,0.899608,0.543872,0.551586,8.533827,0.214808,DC-A,SRVCHP_SRORC,R245fa,R227ea,Air-cooled (Winter),SRORC,SRVCHP
113.213585,59.998992,18.934607,3.236335,2.876827,14.324801,0.899629,0.899471,0.549927,0.381519,33.864981,0.321930,DC-A,SRVCHP_SRORC,R245fa,R227ea,Air-cooled (Winter),SRORC,SRVCHP
102.927184,33.716456,4.084642,3.517749,2.898457,14.325959,0.898459,0.899905,0.549546,0.504323,19.032186,0.232827,DC-A,SRVCHP_SRORC,R245fa,R227ea,Air-cooled (Winter),SRORC,SRVCHP
110.901761,38.300126,7.138455,3.076247,2.985124,14.281678,0.899123,0.899882,0.545256,0.477865,21.558288,0.304590,DC-A,SRVCHP_SRORC,R245fa,R227ea,Air-cooled (Winter),SRORC,SRVCHP
113.213585,59.982293,15.741429,3.237256,2.884154,14.081457,0.899089,0.899487,0.549615,0.394745,33.855468,0.319957,DC-A,SRVCHP_SRORC,R245fa,R227ea,Air-cooled (Winter),SRORC,SRVCHP
110.901761,36.827947,7.138455,3.076370,2.995047,14.877042,0.899113,0.899801,0.549678,0.480035,20.723704,0.306235,DC-A,SRVCHP_SRORC,R245fa,R227ea,Air-cooled (Winter),SRORC,SRVCHP
96.485194,24.339100,1.468554,3.060723,2.949093,14.274320,0.898406,0.899394,0.543710,0.530130,13.754295,0.116187,DC-A,SRVCHP_SRORC,R245fa,R227ea,Air-cooled (Winter),SRORC,SRVCHP
83.966428,17.147787,2.474315,3.016849,2.993832,14.337292,0.899609,0.899868,0.543921,0.561027,9.731912,0.155165,DC-A,SRVCHP_SRORC,R245fa,R227ea,Air-cooled (Winter),SRORC,SRVCHP
116.502447,49.983112,0.708788,3.129804,2.917800,14.183435,0.898646,0.899859,0.549589,0.496073,28.121756,0.071944,DC-A,SRVCHP_SRORC,R245fa,R227ea,Air-cooled (Winter),SRORC,SRVCHP
84.879430,18.021342,0.678147,3.089797,2.922209,14.630454,0.899083,0.899866,0.549487,0.557359,10.225286,0.053634,DC-A,SRVCHP_SRORC,R245fa,R227ea,Air-cooled (Winter),SRORC,SRVCHP
115.167595,54.284721,6.336700,3.458377,2.989279,14.276327,0.899750,0.899395,0.549206,0.467523,30.583768,0.283790,DC-A,SRVCHP_SRORC,R245fa,R227ea,Air-cooled (Winter),SRORC,SRVCHP
117.217296,59.999986,17.694683,3.076479,2.995874,14.283783,0.899737,0.899621,0.549554,0.405430,33.803864,0.340140,DC-A,SRVCHP_SRORC,R245fa,R227ea,Air-cooled (Winter),SRORC,SRVCHP
111.080442,43.016304,4.542297,3.238844,2.985332,14.324601,0.899669,0.899895,0.544138,0.489975,24.232548,0.251387,DC-A,SRVCHP_SRORC,R245fa,R227ea,Air-cooled (Winter),SRORC,SRVCHP
96.789926,31.029230,0.156995,3.086039,2.917107,14.625858,0.899049,0.899954,0.542879,0.515558,17.555932,0.014746,DC-A,SRVCHP_SRORC,R245fa,R227ea,Air-cooled (Winter),SRORC,SRVCHP
116.563894,57.043473,1.814803,3.012385,2.996657,14.279122,0.899670,0.899302,0.549875,0.484526,32.132259,0.144037,DC-A,SRVCHP_SRORC,R245fa,R227ea,Air-cooled (Winter),SRORC,SRVCHP
117.052737,52.149142,6.375884,3.471289,2.919910,14.349578,0.899615,0.899625,0.543662,0.475564,29.344139,0.293160,DC-A,SRVCHP_SRORC,R245fa,R227ea,Air-cooled (Winter),SRORC,SRVCHP
95.783938,20.836293,9.209555,3.045972,2.909365,14.271709,0.898769,0.899807,0.543629,0.490070,11.770104,0.325808,DC-A,SRVCHP_SRORC,R245fa,R227ea,Air-cooled (Winter),SRORC,SRVCHP
77.335233,15.533240,6.258158,3.457065,2.905902,12.858881,0.899107,0.899435,0.544020,0.530994,8.838892,0.254742,DC-A,SRVCHP_SRORC,R245fa,R227ea,Air-cooled (Winter),SRORC,SRVCHP
96.589586,23.183488,6.330464,3.477001,2.989762,14.134253,0.898303,0.899395,0.549079,0.507067,13.097489,0.286398,DC-A,SRVCHP_SRORC,R245fa,R227ea,Air-cooled (Winter),SRORC,SRVCHP
83.966428,21.736574,2.474315,3.078881,2.997267,14.337292,0.899610,0.899808,0.549967,0.541462,12.347618,0.148416,DC-A,SRVCHP_SRORC,R245fa,R227ea,Air-cooled (Winter),SRORC,SRVCHP
96.485194,30.715369,1.456120,3.062097,2.910600,14.551631,0.898736,0.899394,0.543909,0.515940,17.379729,0.110331,DC-A,SRVCHP_SRORC,R245fa,R227ea,Air-cooled (Winter),SRORC,SRVCHP
100.115197,32.300402,3.239712,3.092798,2.898457,14.325973,0.898459,0.899879,0.549525,0.512558,18.251633,0.200578,DC-A,SRVCHP_SRORC,R245fa,R227ea,Air-cooled (Winter),SRORC,SRVCHP
95.924864,20.209424,3.224179,3.050637,2.917154,14.069486,0.899787,0.899804,0.543631,0.536415,11.413736,0.205410,DC-A,SRVCHP_SRORC,R245fa,R227ea,Air-cooled (Winter),SRORC,SRVCHP
116.468265,49.871270,16.131759,3.131536,2.917088,14.198966,0.899118,0.899868,0.544020,0.426752,28.058718,0.352723,DC-A,SRVCHP_SRORC,R245fa,R227ea,Air-cooled (Winter),SRORC,SRVCHP
113.985877,59.999667,15.785923,3.192788,1.639398,14.271061,0.899121,0.899804,0.549620,0.400599,33.853518,0.325474,DC-A,SRVCHP_SRORC,R245fa,R227ea,Air-cooled (Winter),SRORC,SRVCHP
77.335233,15.533240,2.124771,3.014379,2.996648,12.858881,0.899688,0.899875,0.543938,0.567034,8.838892,0.127220,DC-A,SRVCHP_SRORC,R245fa,R227ea,Air-cooled (Winter),SRORC,SRVCHP
96.489039,28.754184,1.554182,3.062097,2.910429,14.551631,0.899107,0.899624,0.543999,0.521548,16.263743,0.117907,DC-A,SRVCHP_SRORC,R245fa,R227ea,Air-cooled (Winter),SRORC,SRVCHP
86.047368,23.417206,6.408954,3.478796,2.998282,14.133080,0.899622,0.899523,0.549223,0.504906,13.294294,0.263367,DC-A,SRVCHP_SRORC,R245fa,R227ea,Air-cooled (Winter),SRORC,SRVCHP
116.926890,56.147629,2.102720,3.083495,2.923398,14.347710,0.899738,0.899871,0.543457,0.487234,31.617612,0.161210,DC-A,SRVCHP_SRORC,R245fa,R227ea,Air-cooled (Winter),SRORC,SRVCHP
100.115197,31.730452,3.239712,3.092798,2.898544,14.325973,0.898459,0.899879,0.543722,0.513160,17.927580,0.201056,DC-A,SRVCHP_SRORC,R245fa,R227ea,Air-cooled (Winter),SRORC,SRVCHP
96.029286,27.274994,6.025552,3.441214,2.989070,14.341725,0.898426,0.899605,0.543486,0.501740,15.425832,0.273500,DC-A,SRVCHP_SRORC,R245fa,R227ea,Air-cooled (Winter),SRORC,SRVCHP
98.497063,26.704707,6.604838,3.095518,2.995075,14.149143,0.899627,0.899901,0.538442,0.497942,15.084278,0.289286,DC-A,SRVCHP_SRORC,R245fa,R227ea,Air-cooled (Winter),SRORC,SRVCHP
102.889099,33.765746,4.494691,3.094839,2.997858,14.307366,0.899152,0.899509,0.547891,0.501208,19.060530,0.244172,DC-A,SRVCHP_SRORC,R245fa,R227ea,Air-cooled (Winter),SRORC,SRVCHP
99.715658,25.972561,2.614315,3.020649,2.997435,14.705749,0.898735,0.899864,0.548796,0.526677,14.660192,0.180897,DC-A,SRVCHP_SRORC,R245fa,R227ea,Air-cooled (Winter),SRORC,SRVCHP
101.039894,28.279504,5.925059,3.190380,1.662285,14.341725,0.898426,0.899776,0.549654,0.496675,15.959961,0.278154,DC-A,SRVCHP_SRORC,R245fa,R227ea,Air-cooled (Winter),SRORC,SRVCHP
117.418150,57.943272,0.531668,3.244058,2.883798,14.110987,0.898428,0.899610,0.549638,0.483744,32.631146,0.054014,DC-A,SRVCHP_SRORC,R245fa,R227ea,Air-cooled (Winter),SRORC,SRVCHP
116.991102,55.760884,0.750413,3.083642,2.923311,14.347710,0.899739,0.899873,0.545255,0.488504,31.396853,0.073410,DC-A,SRVCHP_SRORC,R245fa,R227ea,Air-cooled (Winter),SRORC,SRVCHP
85.039782,21.571659,2.938047,3.452767,2.976080,14.325608,0.899131,0.899808,0.549549,0.539066,12.247632,0.170388,DC-A,SRVCHP_SRORC,R245fa,R227ea,Air-cooled (Winter),SRORC,SRVCHP
101.198499,21.499008,18.097767,11.911837,2.976751,14.846333,0.899111,0.899959,0.548708,0.435021,12.115330,0.361523,DC-A,SRVCHP_SRORC,R245fa,R227ea,Air-cooled (Winter),SRORC,SRVCHP
99.195785,20.008784,17.845167,11.786216,2.977680,14.284235,0.899134,0.899959,0.548495,0.437686,11.282607,0.361308,DC-A,SRVCHP_SRORC,R245fa,R227ea,Air-cooled (Winter),SRORC,SRVCHP
108.857828,59.994438,8.658970,3.020290,2.953609,14.618150,0.899507,0.894129,0.549861,0.380825,33.928678,0.252251,DC-A,SRVCHP_SRORC,R600,R1234ze(E),Air-cooled (Winter),SRORC,SRVCHP
108.857828,59.994438,8.658970,3.020290,2.953609,14.618150,0.899507,0.894129,0.549861,0.380825,33.928678,0.252251,DC-A,SRVCHP_SRORC,R600,R1234ze(E),Air-cooled (Winter),SRORC,SRVCHP
89.393989,16.589495,3.810185,3.020205,2.985429,13.491095,0.899289,0.899915,0.549852,0.544118,9.390599,0.218432,DC-A,SRVCHP_SRORC,R600,R1234ze(E),Air-cooled (Winter),SRORC,SRVCHP
119.302861,44.996492,14.165824,3.024886,2.933788,14.489079,0.899852,0.899974,0.549090,0.427493,25.259875,0.346043,DC-A,SRVCHP_SRORC,R600,R1234ze(E),Air-cooled (Winter),SRORC,SRVCHP
108.992356,59.994618,3.091969,3.183521,2.995500,14.955088,0.899700,0.894129,0.549885,0.409534,33.926748,0.159651,DC-A,SRVCHP_SRORC,R600,R1234ze(E),Air-cooled (Winter),SRORC,SRVCHP
89.135393,23.736401,2.704542,3.003836,2.994349,13.470264,0.899913,0.899905,0.549197,0.528850,13.457537,0.165260,DC-A,SRVCHP_SRORC,R600,R1234ze(E),Air-cooled (Winter),SRORC,SRVCHP
108.873667,59.994438,12.791506,3.034539,2.953704,14.618150,0.899501,0.894129,0.549878,0.362368,33.928438,0.274053,DC-A,SRVCHP_SRORC,R600,R1234ze(E),Air-cooled (Winter),SRORC,SRVCHP
96.292326,22.483141,5.287753,3.041722,2.994225,14.555864,0.899913,0.899937,0.549387,0.513914,12.701743,0.263854,DC-A,SRVCHP_SRORC,R600,R1234ze(E),Air-cooled (Winter),SRORC,SRVCHP
83.240855,19.716811,0.786013,3.181586,2.904989,14.539134,0.898839,0.899958,0.549400,0.544229,11.199421,0.058030,DC-A,SRVCHP_SRORC,R600,R1234ze(E),Air-cooled (Winter),SRORC,SRVCHP
86.654991,21.637657,8.344324,3.010946,2.744765,14.975761,0.899489,0.898696,0.549412,0.492228,12.276308,0.295167,DC-A,SRVCHP_SRORC,R600,R1234ze(E),Air-cooled (Winter),SRORC,SRVCHP
118.796216,59.642093,7.906765,3.020081,2.984512,14.617651,0.898974,0.894100,0.549946,0.433717,33.575927,0.290379,DC-A,SRVCHP_SRORC,R600,R1234ze(E),Air-cooled (Winter),SRORC,SRVCHP
86.764107,17.841710,8.675264,3.003182,2.955348,14.541262,0.899522,0.899952,0.545426,0.502843,10.114301,0.309008,DC-A,SRVCHP_SRORC,R600,R1234ze(E),Air-cooled (Winter),SRORC,SRVCHP
86.641184,20.855947,2.825406,3.172875,2.928316,14.686556,0.899705,0.899951,0.549794,0.540730,11.831009,0.169385,DC-A,SRVCHP_SRORC,R600,R1234ze(E),Air-cooled (Winter),SRORC,SRVCHP
86.453075,17.841710,3.131197,3.003182,2.958592,14.550220,0.890629,0.899952,0.545426,0.547802,10.115739,0.185825,DC-A,SRVCHP_SRORC,R600,R1234ze(E),Air-cooled (Winter),SRORC,SRVCHP
76.376323,15.361120,0.814182,3.005685,2.849307,13.087356,0.899970,0.899514,0.546371,0.567468,8.744342,0.055596,DC-A,SRVCHP_SRORC,R600,R227ea,Air-cooled (Winter),SRORC,SRVCHP
76.829874,15.344678,5.980948,3.060270,2.901025,13.012758,0.899993,0.899503,0.540412,0.534321,8.733210,0.248068,DC-A,SRVCHP_SRORC,R600,R227ea,Air-cooled (Winter),SRORC,SRVCHP
97.874380,18.259673,17.342272,6.042362,2.981523,13.466671,0.899945,0.899514,0.546173,0.440610,10.298856,0.360774,DC-A,SRVCHP_SRORC,R600,R227ea,Air-cooled (Winter),SRORC,SRVCHP
114.086458,45.387889,6.381050,5.631387,2.850586,14.706544,0.899921,0.899348,0.547379,0.481157,25.543890,0.293707,DC-A,SRVCHP_SRORC,R600,R227ea,Air-cooled (Winter),SRORC,SRVCHP
109.738073,59.999938,17.460692,6.032360,2.908678,14.852640,0.899858,0.899497,0.535278,0.370160,33.918496,0.304002,DC-A,SRVCHP_SRORC,R600,R227ea,Air-cooled (Winter),SRORC,SRVCHP
106.581156,59.999914,10.093603,6.055554,2.934415,14.720878,0.898487,0.899514,0.540502,0.380357,33.966054,0.263762,DC-A,SRVCHP_SRORC,R600,R227ea,Air-cooled (Winter),SRORC,SRVCHP
97.145533,59.999955,17.458545,3.487511,2.852800,13.003215,0.899808,0.899869,0.544792,0.255035,34.104461,0.203096,DC-A,SRVCHP_SRORC,R600,R227ea,Air-cooled (Winter),SRORC,SRVCHP
118.429243,57.535591,11.860675,3.495363,2.875206,14.846875,0.899781,0.899498,0.540941,0.445158,32.384264,0.340029,DC-A,SRVCHP_SRORC,R600,R227ea,Air-cooled (Winter),SRORC,SRVCHP
103.876147,59.998022,3.476790,3.513584,0.835393,14.752150,0.898263,0.899512,0.540475,0.396179,34.005265,0.159106,DC-A,SRVCHP_SRORC,R600,R227ea,Air-cooled (Winter),SRORC,SRVCHP
113.280955,59.999984,17.458545,3.073089,2.932228,13.012676,0.899907,0.899984,0.544792,0.388699,33.864515,0.322320,DC-A,SRVCHP_SRORC,R600,R227ea,Air-cooled (Winter),SRORC,SRVCHP
104.868205,34.340517,6.833814,3.005428,2.977299,14.861011,0.898315,0.899998,0.544763,0.486350,19.369285,0.295195,DC-A,SRVCHP_SRORC,R600,R227ea,Air-cooled (Winter),SRORC,SRVCHP
96.478046,59.999938,17.460692,6.048895,2.907956,14.853133,0.899858,0.899458,0.535278,0.247460,34.113996,0.196351,DC-A,SRVCHP_SRORC,R600,R227ea,Air-cooled (Winter),SRORC,SRVCHP
83.304687,19.830183,0.079162,3.050070,2.955852,14.598380,0.898177,0.899545,0.546125,0.548917,11.263751,0.006510,DC-A,SRVCHP_SRORC,R600,R227ea,Air-cooled (Winter),SRORC,SRVCHP
106.871131,36.117668,11.643909,3.042056,2.873641,13.376062,0.899933,0.899465,0.539102,0.453159,20.359651,0.338204,DC-A,SRVCHP_SRORC,R600,R227ea,Air-cooled (Winter),SRORC,SRVCHP
99.003680,33.574736,0.079162,3.050070,2.955852,14.598380,0.898279,0.899515,0.546125,0.510556,18.986126,0.007679,DC-A,SRVCHP_SRORC,R600,R227ea,Air-cooled (Winter),SRORC,SRVCHP
79.461529,19.530356,2.144670,3.151017,2.955134,14.751182,0.898422,0.899601,0.540166,0.546743,11.111774,0.126538,DC-A,SRVCHP_SRORC,R600,R227ea,Air-cooled (Winter),SRORC,SRVCHP
118.530703,54.546772,4.467094,3.263548,2.931608,14.834630,0.899970,0.899492,0.540935,0.488664,30.684985,0.255584,DC-A,SRVCHP_SRORC,R600,R227ea,Air-cooled (Winter),SRORC,SRVCHP
104.571525,22.520119,16.719648,6.106741,2.990102,14.724640,0.898301,0.899518,0.539066,0.436329,12.673300,0.359148,DC-A,SRVCHP_SRORC,R600,R227ea,Air-cooled (Winter),SRORC,SRVCHP
96.466776,32.139069,2.587134,3.007484,2.841687,14.814386,0.899913,0.899498,0.541370,0.513029,18.190457,0.166128,DC-A,SRVCHP_SRORC,R600,R227ea,Air-cooled (Winter),SRORC,SRVCHP
118.528161,54.883522,0.853227,3.059761,2.897437,14.593586,0.899786,0.899497,0.540941,0.496031,30.876246,0.084297,DC-A,SRVCHP_SRORC,R600,R227ea,Air-cooled (Winter),SRORC,SRVCHP
97.780897,31.614796,3.025440,3.009181,2.855700,14.807961,0.899909,0.899493,0.541370,0.515498,17.881113,0.187953,DC-A,SRVCHP_SRORC,R600,R227ea,Air-cooled (Winter),SRORC,SRVCHP
117.903406,53.341314,5.944782,3.064247,2.828052,13.035090,0.899998,0.899507,0.544631,0.478355,30.009346,0.286907,DC-A,SRVCHP_SRORC,R600,R227ea,Air-cooled (Winter),SRORC,SRVCHP
100.199951,33.196191,0.922553,3.032659,2.897992,14.728046,0.899802,0.899517,0.539713,0.512602,18.760334,0.078659,DC-A,SRVCHP_SRORC,R600,R227ea,Air-cooled (Winter),SRORC,SRVCHP
118.928680,55.734250,3.889594,3.043347,2.928593,14.716206,0.899971,0.899497,0.544830,0.491815,31.353585,0.239314,DC-A,SRVCHP_SRORC,R600,R227ea,Air-cooled (Winter),SRORC,SRVCHP
119.267053,57.135648,10.144672,3.043347,2.928593,14.716206,0.899831,0.899497,0.544194,0.457200,32.144543,0.334595,DC-A,SRVCHP_SRORC,R600,R227ea,Air-cooled (Winter),SRORC,SRVCHP
84.914113,22.924051,3.037428,3.033533,2.846655,14.755717,0.898326,0.899511,0.541369,0.535693,13.019687,0.171373,DC-A,SRVCHP_SRORC,R600,R227ea,Air-cooled (Winter),SRORC,SRVCHP
97.822040,24.191422,17.342272,6.107418,2.984205,14.724023,0.899970,0.899518,0.541282,0.437269,13.661910,0.356026,DC-A,SRVCHP_SRORC,R600,R227ea,Air-cooled (Winter),SRORC,SRVCHP
96.907863,25.890406,4.074287,3.450246,2.889021,13.278385,0.898544,0.899975,0.540329,0.517251,14.632712,0.229721,DC-A,SRVCHP_SRORC,R600,R227ea,Air-cooled (Winter),SRORC,SRVCHP
87.172518,20.807767,4.414759,4.237164,2.873433,14.726228,0.899973,0.899521,0.541687,0.533636,11.800714,0.226691,DC-A,SRVCHP_SRORC,R600,R227ea,Air-cooled (Winter),SRORC,SRVCHP
111.977964,41.494869,0.350173,3.051713,2.906498,14.597933,0.899739,0.899507,0.545218,0.502277,23.359009,0.037330,DC-A,SRVCHP_SRORC,R600,R227ea,Air-cooled (Winter),SRORC,SRVCHP
81.309998,15.822717,0.372029,3.067510,2.934973,12.943998,0.899836,0.899513,0.544439,0.562985,8.988213,0.029468,DC-A,SRVCHP_SRORC,R600,R227ea,Air-cooled (Winter),SRORC,SRVCHP
96.574966,19.329192,4.083114,3.450246,2.986734,13.324226,0.898285,0.899982,0.540166,0.527065,10.911244,0.236728,DC-A,SRVCHP_SRORC,R600,R227ea,Air-cooled (Winter),SRORC,SRVCHP
109.306932,39.466962,0.062984,3.059937,2.989035,14.854278,0.899882,0.899519,0.541382,0.504601,22.236650,0.006950,DC-A,SRVCHP_SRORC,R600,R227ea,Air-cooled (Winter),SRORC,SRVCHP
110.472086,35.348745,3.807617,3.374408,2.873641,14.846140,0.899971,0.899465,0.539102,0.500947,19.889575,0.234894,DC-A,SRVCHP_SRORC,R600,R227ea,Air-cooled (Winter),SRORC,SRVCHP
117.752819,59.978167,0.455020,3.031981,2.986462,14.574372,0.899918,0.899503,0.544373,0.482935,33.783159,0.046332,DC-A,SRVCHP_SRORC,R600,R227ea,Air-cooled (Winter),SRORC,SRVCHP
103.876147,59.998022,17.196192,3.551380,0.835393,14.754935,0.899879,0.899512,0.540475,0.333052,34.005265,0.268825,DC-A,SRVCHP_SRORC,R600,R227ea,Air-cooled (Winter),SRORC,SRVCHP
118.386132,55.997626,4.307086,3.046326,2.931608,14.886588,0.899970,0.899492,0.544799,0.488028,31.511082,0.249654,DC-A,SRVCHP_SRORC,R600,R227ea,Air-cooled (Winter),SRORC,SRVCHP
99.613323,33.053477,3.146876,3.125115,2.751057,14.740935,0.899704,0.899497,0.534342,0.510965,18.684231,0.194381,DC-A,SRVCHP_SRORC,R600,R227ea,Air-cooled (Winter),SRORC,SRVCHP
84.125490,21.549019,1.242560,3.018755,2.933856,14.796737,0.898303,0.899514,0.540444,0.541724,12.239750,0.086552,DC-A,SRVCHP_SRORC,R600,R227ea,Air-cooled (Winter),SRORC,SRVCHP
111.981497,40.814025,0.575767,3.071296,2.915728,14.842152,0.899850,0.899497,0.541286,0.502560,22.972736,0.058691,DC-A,SRVCHP_SRORC,R600,R227ea,Air-cooled (Winter),SRORC,SRVCHP
110.454042,59.999936,17.190868,3.391289,2.908678,14.844454,0.898380,0.899995,0.541203,0.375122,33.907631,0.307750,DC-A,SRVCHP_SRORC,R600,R227ea,Air-cooled (Winter),SRORC,SRVCHP
96.032568,30.132765,0.861595,3.052837,2.911234,14.750470,0.898282,0.899507,0.540448,0.517637,17.051686,0.071318,DC-A,SRVCHP_SRORC,R600,R227ea,Air-cooled (Winter),SRORC,SRVCHP
95.185042,27.293898,3.044511,3.487511,2.995004,14.716152,0.899982,0.899994,0.544883,0.523298,15.442599,0.189013,DC-A,SRVCHP_SRORC,R600,R227ea,Air-cooled (Winter),SRORC,SRVCHP
119.240372,57.518299,12.453934,3.507192,2.873708,14.841825,0.898291,0.899994,0.541270,0.445058,32.362303,0.345450,DC-A,SRVCHP_SRORC,R600,R227ea,Air-cooled (Winter),SRORC,SRVCHP
104.539346,59.999938,17.460692,6.026795,2.907956,14.853133,0.899771,0.899455,0.535227,0.332087,33.996524,0.269338,DC-A,SRVCHP_SRORC,R600,R227ea,Air-cooled (Winter),SRORC,SRVCHP
79.699089,17.144859,2.229149,3.151017,2.954231,14.713767,0.898422,0.899606,0.540166,0.559683,9.748902,0.134659,DC-A,SRVCHP_SRORC,R600,R227ea,Air-cooled (Winter),SRORC,SRVCHP
97.110008,30.132765,0.861595,3.021784,2.934342,14.772656,0.898282,0.899507,0.544421,0.518851,17.043230,0.072584,DC-A,SRVCHP_SRORC,R600,R227ea,Air-cooled (Winter),SRORC,SRVCHP
78.159150,17.144859,2.229149,3.263369,2.953139,14.731171,0.899923,0.899521,0.540472,0.558676,9.755554,0.131196,DC-A,SRVCHP_SRORC,R600,R227ea,Air-cooled (Winter),SRORC,SRVCHP
97.822040,24.191422,10.716227,6.056231,2.900722,14.737267,0.899970,0.899511,0.541282,0.476696,13.661910,0.336680,DC-A,SRVCHP_SRORC,R600,R227ea,Air-cooled (Winter),SRORC,SRVCHP
84.125490,21.549019,1.213456,3.017904,2.933856,14.796737,0.899884,0.899508,0.540444,0.542448,12.239750,0.084837,DC-A,SRVCHP_SRORC,R600,R227ea,Air-cooled (Winter),SRORC,SRVCHP
113.280955,59.926645,2.525665,3.073089,2.750131,14.945519,0.899907,0.899966,0.539803,0.462017,33.822732,0.164642,DC-A,SRVCHP_SRORC,R600,R227ea,Air-cooled (Winter),SRORC,SRVCHP
