wp,cfg,fluid_hp,fluid_he,selection_rank,objective,extreme_value,tied_owner_count,tied_candidate_keys,requires_s5_review,candidate_key,source_run_id
DC-A,SBVCHP_SBORC,R1233zd(E),R227EA,2,energy_density_thermal,34.319398205191106,1,DC-A|SBVCHP_SBORC|R1233zd(E)|R227EA,True,DC-A|SBVCHP_SBORC|R1233zd(E)|R227EA,S2_DCA_SBVCHP-SBORC_R1233zdE_R227EA_seed042_20260717T060425Z
DC-A,SBVCHP_SBORC,Cyclopentane,R245fa,1,eta_p2p,0.5668572017253497,1,DC-A|SBVCHP_SBORC|Cyclopentane|R245fa,True,DC-A|SBVCHP_SBORC|Cyclopentane|R245fa,S2_DCA_SBVCHP-SBORC_Cyclopentane_R245fa_seed042_20260717T060425Z
DC-A,SBVCHP_SBORC,Cyclopentane,R245fa,1,exergy_efficiency,0.3738625049109456,1,DC-A|SBVCHP_SBORC|Cyclopentane|R245fa,True,DC-A|SBVCHP_SBORC|Cyclopentane|R245fa,S2_DCA_SBVCHP-SBORC_Cyclopentane_R245fa_seed042_20260717T060425Z
DC-A,SRVCHP_SRORC,R245fa,R227EA,2,energy_density_thermal,34.12241599920379,1,DC-A|SRVCHP_SRORC|R245fa|R227EA,True,DC-A|SRVCHP_SRORC|R245fa|R227EA,S2_DCA_SRVCHP-SRORC_R245fa_R227EA_seed042_20260717T060425Z
DC-A,SRVCHP_SRORC,Cyclopentane,R245fa,1,eta_p2p,0.6006259100230852,1,DC-A|SRVCHP_SRORC|Cyclopentane|R245fa,True,DC-A|SRVCHP_SRORC|Cyclopentane|R245fa,S2_DCA_SRVCHP-SRORC_Cyclopentane_R245fa_seed042_20260717T060425Z
DC-A,SRVCHP_SRORC,Cyclopentane,R245fa,1,exergy_efficiency,0.4247587077813597,1,DC-A|SRVCHP_SRORC|Cyclopentane|R245fa,True,DC-A|SRVCHP_SRORC|Cyclopentane|R245fa,S2_DCA_SRVCHP-SRORC_Cyclopentane_R245fa_seed042_20260717T060425Z
DC-B,SBVCHP_SBORC,Cyclopentane,R227EA,1,energy_density_thermal,34.04871734903995,1,DC-B|SBVCHP_SBORC|Cyclopentane|R227EA,True,DC-B|SBVCHP_SBORC|Cyclopentane|R227EA,S2_DCB_SBVCHP-SBORC_Cyclopentane_R227EA_seed042_20260717T060425Z
DC-B,SBVCHP_SBORC,Cyclopentane,R245fa,3,eta_p2p,0.418013633297398,1,DC-B|SBVCHP_SBORC|Cyclopentane|R245fa,True,DC-B|SBVCHP_SBORC|Cyclopentane|R245fa,S2_DCB_SBVCHP-SBORC_Cyclopentane_R245fa_seed042_20260717T060425Z
DC-B,SBVCHP_SBORC,Cyclopentane,R365MFC,2,exergy_efficiency,0.3574493697556894,1,DC-B|SBVCHP_SBORC|Cyclopentane|R365MFC,True,DC-B|SBVCHP_SBORC|Cyclopentane|R365MFC,S2_DCB_SBVCHP-SBORC_Cyclopentane_R365MFC_seed042_20260717T060425Z
DC-B,SRVCHP_SRORC,R600,R227EA,2,energy_density_thermal,33.86644347241237,1,DC-B|SRVCHP_SRORC|R600|R227EA,True,DC-B|SRVCHP_SRORC|R600|R227EA,S2_DCB_SRVCHP-SRORC_R600_R227EA_seed042_20260717T060425Z
DC-B,SRVCHP_SRORC,Cyclopentane,R365MFC,1,eta_p2p,0.4940505631681677,1,DC-B|SRVCHP_SRORC|Cyclopentane|R365MFC,True,DC-B|SRVCHP_SRORC|Cyclopentane|R365MFC,S2_DCB_SRVCHP-SRORC_Cyclopentane_R365MFC_seed042_20260717T060425Z
DC-B,SRVCHP_SRORC,Cyclopentane,R365MFC,1,exergy_efficiency,0.4228039805331641,1,DC-B|SRVCHP_SRORC|Cyclopentane|R365MFC,True,DC-B|SRVCHP_SRORC|Cyclopentane|R365MFC,S2_DCB_SRVCHP-SRORC_Cyclopentane_R365MFC_seed042_20260717T060425Z
DC-C,SBVCHP_SBORC,R1233zd(E),R227EA,2,energy_density_thermal,39.931770467297056,1,DC-C|SBVCHP_SBORC|R1233zd(E)|R227EA,True,DC-C|SBVCHP_SBORC|R1233zd(E)|R227EA,S2_DCC_SBVCHP-SBORC_R1233zdE_R227EA_seed042_20260717T060425Z
DC-C,SBVCHP_SBORC,Acetone,R245fa,1,eta_p2p,0.796983956223797,1,DC-C|SBVCHP_SBORC|Acetone|R245fa,True,DC-C|SBVCHP_SBORC|Acetone|R245fa,S2_DCC_SBVCHP-SBORC_Acetone_R245fa_seed042_20260717T060425Z
DC-C,SBVCHP_SBORC,Acetone,R245fa,1,exergy_efficiency,0.3720133618740898,1,DC-C|SBVCHP_SBORC|Acetone|R245fa,True,DC-C|SBVCHP_SBORC|Acetone|R245fa,S2_DCC_SBVCHP-SBORC_Acetone_R245fa_seed042_20260717T060425Z
DC-C,SRVCHP_SRORC,R600,R236ea,3,energy_density_thermal,39.688343490501765,1,DC-C|SRVCHP_SRORC|R600|R236ea,True,DC-C|SRVCHP_SRORC|R600|R236ea,S2_DCC_SRVCHP-SRORC_R600_R236ea_seed042_20260717T060425Z
DC-C,SRVCHP_SRORC,Acetone,R236ea,1,eta_p2p,0.8016703209800511,1,DC-C|SRVCHP_SRORC|Acetone|R236ea,True,DC-C|SRVCHP_SRORC|Acetone|R236ea,S2_DCC_SRVCHP-SRORC_Acetone_R236ea_seed042_20260717T060425Z
DC-C,SRVCHP_SRORC,Cyclopentane,R600,2,exergy_efficiency,0.4103920932710934,1,DC-C|SRVCHP_SRORC|Cyclopentane|R600,True,DC-C|SRVCHP_SRORC|Cyclopentane|R600,S2_DCC_SRVCHP-SRORC_Cyclopentane_R600_seed042_20260717T060425Z
DC-D,SBVCHP_SBORC,R1233zd(E),R227EA,1,energy_density_thermal,39.61198177980699,1,DC-D|SBVCHP_SBORC|R1233zd(E)|R227EA,True,DC-D|SBVCHP_SBORC|R1233zd(E)|R227EA,S2_DCD_SBVCHP-SBORC_R1233zdE_R227EA_seed042_20260717T060425Z
DC-D,SBVCHP_SBORC,Acetone,R365MFC,2,eta_p2p,0.5342716261131839,1,DC-D|SBVCHP_SBORC|Acetone|R365MFC,True,DC-D|SBVCHP_SBORC|Acetone|R365MFC,S2_DCD_SBVCHP-SBORC_Acetone_R365MFC_seed042_20260717T060425Z
DC-D,SBVCHP_SBORC,Acetone,R365MFC,2,exergy_efficiency,0.3648169686992294,1,DC-D|SBVCHP_SBORC|Acetone|R365MFC,True,DC-D|SBVCHP_SBORC|Acetone|R365MFC,S2_DCD_SBVCHP-SBORC_Acetone_R365MFC_seed042_20260717T060425Z
DC-D,SRVCHP_SRORC,R1233zd(E),R227EA,2,energy_density_thermal,39.41154641343677,1,DC-D|SRVCHP_SRORC|R1233zd(E)|R227EA,True,DC-D|SRVCHP_SRORC|R1233zd(E)|R227EA,S2_DCD_SRVCHP-SRORC_R1233zdE_R227EA_seed042_20260717T060425Z
DC-D,SRVCHP_SRORC,Cyclopentane,R365MFC,1,eta_p2p,0.5959459280438942,1,DC-D|SRVCHP_SRORC|Cyclopentane|R365MFC,True,DC-D|SRVCHP_SRORC|Cyclopentane|R365MFC,S2_DCD_SRVCHP-SRORC_Cyclopentane_R365MFC_seed042_20260717T060425Z
DC-D,SRVCHP_SRORC,Cyclopentane,R365MFC,1,exergy_efficiency,0.4169264413628051,1,DC-D|SRVCHP_SRORC|Cyclopentane|R365MFC,True,DC-D|SRVCHP_SRORC|Cyclopentane|R365MFC,S2_DCD_SRVCHP-SRORC_Cyclopentane_R365MFC_seed042_20260717T060425Z
DC-E,SBVCHP_SBORC,Cyclopentane,R227EA,3,energy_density_thermal,45.50709874660412,1,DC-E|SBVCHP_SBORC|Cyclopentane|R227EA,True,DC-E|SBVCHP_SBORC|Cyclopentane|R227EA,S2_DCE_SBVCHP-SBORC_Cyclopentane_R227EA_seed042_20260717T060425Z
DC-E,SBVCHP_SBORC,Acetone,R600a,2,eta_p2p,0.9999981432688918,1,DC-E|SBVCHP_SBORC|Acetone|R600a,True,DC-E|SBVCHP_SBORC|Acetone|R600a,S2_DCE_SBVCHP-SBORC_Acetone_R600a_seed042_20260717T060425Z
DC-E,SBVCHP_SBORC,Acetone,R600,1,exergy_efficiency,0.3338625764578479,1,DC-E|SBVCHP_SBORC|Acetone|R600,True,DC-E|SBVCHP_SBORC|Acetone|R600,S2_DCE_SBVCHP-SBORC_Acetone_R600_seed042_20260717T060425Z
DC-E,SRVCHP_SRORC,Cyclopentane,R227EA,2,energy_density_thermal,45.20078736261029,1,DC-E|SRVCHP_SRORC|Cyclopentane|R227EA,True,DC-E|SRVCHP_SRORC|Cyclopentane|R227EA,S2_DCE_SRVCHP-SRORC_Cyclopentane_R227EA_seed042_20260717T060425Z
DC-E,SRVCHP_SRORC,R601a,R600,3,eta_p2p,0.9999991844905876,1,DC-E|SRVCHP_SRORC|R601a|R600,True,DC-E|SRVCHP_SRORC|R601a|R600,S2_DCE_SRVCHP-SRORC_R601a_R600_seed042_20260717T060425Z
DC-E,SRVCHP_SRORC,Cyclopentane,R245fa,1,exergy_efficiency,0.3630484596806085,1,DC-E|SRVCHP_SRORC|Cyclopentane|R245fa,True,DC-E|SRVCHP_SRORC|Cyclopentane|R245fa,S2_DCE_SRVCHP-SRORC_Cyclopentane_R245fa_seed042_20260717T060425Z
DC-F,SBVCHP_SBORC,Cyclopentane,R227EA,2,energy_density_thermal,45.14166657138615,1,DC-F|SBVCHP_SBORC|Cyclopentane|R227EA,True,DC-F|SBVCHP_SBORC|Cyclopentane|R227EA,S2_DCF_SBVCHP-SBORC_Cyclopentane_R227EA_seed042_20260717T060425Z
DC-F,SBVCHP_SBORC,Cyclopentane,R236ea,3,eta_p2p,0.8135836150748533,1,DC-F|SBVCHP_SBORC|Cyclopentane|R236ea,True,DC-F|SBVCHP_SBORC|Cyclopentane|R236ea,S2_DCF_SBVCHP-SBORC_Cyclopentane_R236ea_seed042_20260717T060425Z
DC-F,SBVCHP_SBORC,Acetone,R365MFC,1,exergy_efficiency,0.3334036968040615,1,DC-F|SBVCHP_SBORC|Acetone|R365MFC,True,DC-F|SBVCHP_SBORC|Acetone|R365MFC,S2_DCF_SBVCHP-SBORC_Acetone_R365MFC_seed042_20260717T060425Z
DC-F,SRVCHP_SRORC,CycloHexane,R227EA,2,energy_density_thermal,40.66847440879297,1,DC-F|SRVCHP_SRORC|CycloHexane|R227EA,True,DC-F|SRVCHP_SRORC|CycloHexane|R227EA,S2_DCF_SRVCHP-SRORC_CycloHexane_R227EA_seed042_20260717T060425Z
DC-F,SRVCHP_SRORC,Cyclopentane,R365MFC,1,eta_p2p,0.8338839288739813,1,DC-F|SRVCHP_SRORC|Cyclopentane|R365MFC,True,DC-F|SRVCHP_SRORC|Cyclopentane|R365MFC,S2_DCF_SRVCHP-SRORC_Cyclopentane_R365MFC_seed042_20260717T060425Z
DC-F,SRVCHP_SRORC,Cyclopentane,R365MFC,1,exergy_efficiency,0.3701307209253451,1,DC-F|SRVCHP_SRORC|Cyclopentane|R365MFC,True,DC-F|SRVCHP_SRORC|Cyclopentane|R365MFC,S2_DCF_SRVCHP-SRORC_Cyclopentane_R365MFC_seed042_20260717T060425Z
